YEAR,TEAM,OFF FGP,DEF FGP,OFF FTR,DEF FTR,OFF RP,DEF RP,OFF TOP,DEF TOP,OFF 3PP,DEF 3PP,OFF 2PP,DEF 2PP,OFF FTP,DEF FTP,OFF 3PR,DEF 3PR
2015,New Mexico St.,50.6,46.400000000000006,44.3,32.5,39.3,31.0,21.8,20.6,36.2,30.8,49.3,46.4,70.7,69.7,25.4,23.5
2015,UC Santa Barbara,49.6,47.8,32.0,39.900000000000006,30.7,29.8,16.900000000000002,17.9,37.0,35.4,46.6,45.2,73.4,73.2,33.1,33.2
2015,Kentucky,51.5,39.6,43.9,31.7,39.5,31.8,16.3,21.3,34.9,27.1,51.2,39.1,72.6,66.0,27.1,30.5
2015,Georgia St.,52.0,45.8,37.7,39.8,30.0,34.8,16.3,23.200000000000003,32.2,33.1,53.4,43.1,73.1,71.6,27.6,42.0
2015,Arizona,53.5,45.1,47.1,37.3,34.5,22.4,16.5,20.6,36.0,33.5,53.3,42.7,71.9,69.8,25.9,31.5
2015,Wisconsin,54.8,47.7,36.2,22.4,32.1,23.7,12.4,15.8,36.5,37.5,54.8,44.7,76.3,71.0,37.4,25.7
2015,Florida Gulf Coast,48.2,45.3,33.1,34.599999999999994,34.4,32.1,17.7,17.299999999999997,33.9,29.6,47.0,45.8,66.6,67.9,30.5,35.0
2015,Gonzaga,57.9,44.2,38.7,30.5,33.900000000000006,28.000000000000004,16.1,17.1,40.0,33.0,57.0,42.0,68.8,66.7,31.8,30.3
2015,Oregon,52.3,48.0,29.1,35.4,30.2,31.5,16.900000000000002,16.7,36.9,33.2,50.8,47.1,76.7,69.7,33.9,33.3
2015,Alabama St.,48.2,46.9,34.599999999999994,35.6,36.0,29.2,19.7,19.2,35.4,33.6,46.4,45.3,65.4,65.3,27.1,30.6
2015,Cal St. Northridge,45.3,51.0,41.1,35.9,28.4,30.5,19.5,16.6,33.0,36.6,44.3,48.5,76.6,70.3,19.0,38.6
2015,Arkansas,50.0,48.3,37.3,38.8,35.7,34.599999999999994,16.900000000000002,22.3,34.9,35.2,48.8,46.2,72.4,71.5,31.0,31.2
2015,Tennessee Tech,48.8,53.1,34.8,42.7,36.4,29.2,20.5,18.7,32.2,36.8,49.1,52.0,68.3,67.4,30.6,35.7
2015,Binghamton,44.6,52.3,39.8,33.800000000000004,26.200000000000003,32.5,21.6,20.4,30.6,37.5,43.9,49.8,66.1,67.7,33.8,38.4
2015,Southeast Missouri St.,48.9,50.2,36.4,41.8,32.2,31.6,19.2,19.3,33.7,39.2,48.1,46.2,66.3,68.8,33.2,32.0
2015,Arkansas St.,45.3,48.3,33.0,34.7,29.7,32.7,20.0,17.599999999999998,32.0,33.1,44.1,47.6,69.5,67.4,31.2,34.2
2015,New Hampshire,49.7,46.0,36.1,42.6,27.200000000000003,23.7,18.7,17.1,37.4,31.1,45.9,45.6,67.0,69.0,37.1,33.0
2015,Louisville,47.7,44.0,38.7,33.300000000000004,34.7,30.8,17.2,21.3,30.7,30.3,48.4,43.3,66.8,66.1,31.4,31.8
2015,Florida St.,50.1,47.3,46.9,37.9,31.8,31.9,21.9,18.0,31.3,32.5,51.4,46.5,67.0,70.1,28.2,32.5
2015,High Point,51.9,51.3,34.1,31.5,30.6,31.5,17.5,19.8,38.6,35.8,49.3,49.8,73.8,71.5,30.6,39.0
2015,Illinois St.,48.4,47.0,34.8,40.3,36.2,29.3,19.9,20.5,34.4,32.8,46.8,45.9,71.3,69.0,31.7,33.6
2015,Colorado St.,50.1,48.7,41.9,33.300000000000004,34.1,25.4,16.1,18.0,34.8,36.2,49.0,45.7,67.8,65.4,36.6,35.4
2015,Notre Dame,58.3,47.9,36.7,24.1,27.9,32.2,14.499999999999998,17.299999999999997,39.0,32.6,58.2,47.4,74.2,71.3,37.6,31.5
2015,Lehigh,49.0,46.8,36.2,31.2,29.2,30.4,19.9,17.4,34.8,33.9,47.8,44.0,72.3,68.6,28.5,40.3
2015,Ohio St.,54.2,46.400000000000006,34.7,27.800000000000004,33.5,32.0,17.0,21.6,37.0,32.2,53.6,45.2,68.0,70.5,31.9,37.7
2015,Virginia,50.6,42.3,34.9,28.6,34.300000000000004,24.2,15.7,17.9,35.2,30.8,49.7,40.1,72.6,64.6,27.5,36.6
2015,Utah St.,52.400000000000006,45.8,36.4,29.1,21.7,34.0,16.3,17.0,39.4,29.9,48.5,46.3,66.5,65.9,37.2,35.9
2015,Old Dominion,48.6,46.1,30.6,40.8,36.0,26.9,17.5,21.0,32.5,31.2,48.4,45.7,66.6,65.8,32.9,39.0
2015,North Dakota St.,49.7,48.1,35.7,30.7,26.1,23.7,16.0,16.5,38.2,36.2,45.5,45.0,69.3,74.3,35.6,33.1
2015,Coastal Carolina,50.0,47.7,38.9,35.0,34.8,28.000000000000004,17.5,16.900000000000002,35.9,33.8,48.1,45.8,70.5,71.1,33.7,39.6
2015,Little Rock,47.6,51.0,36.0,40.8,28.4,31.2,15.6,19.9,34.0,36.3,45.8,49.1,70.9,67.7,35.7,36.0
2015,UC Irvine,50.7,44.7,30.2,35.3,30.0,30.7,18.2,17.2,38.2,33.6,47.8,42.4,68.4,70.1,30.3,29.1
2015,North Carolina A&T,44.6,50.4,37.3,40.9,34.1,34.4,23.6,18.8,28.4,36.5,45.7,47.8,67.8,68.3,34.9,37.1
2015,Texas A&M Corpus Chris,49.2,48.3,51.0,46.1,30.3,33.1,19.4,20.6,33.5,32.2,48.7,48.3,68.8,68.8,30.0,35.8
2015,William & Mary,56.3,50.5,35.5,31.9,24.2,29.9,17.5,17.599999999999998,38.9,35.3,54.8,49.1,72.9,69.4,42.8,38.0
2015,Hawaii,49.3,47.6,36.7,42.0,32.2,34.4,18.7,23.4,32.8,34.8,49.3,45.2,68.9,71.8,34.4,34.4
2015,Quinnipiac,44.0,45.2,35.5,33.4,42.1,26.5,20.4,14.000000000000002,30.7,35.1,43.1,41.9,77.4,68.8,29.6,30.8
2015,Michigan St.,53.2,44.9,32.7,39.0,33.5,27.0,17.5,16.5,38.5,31.5,50.8,43.8,63.2,72.2,35.0,33.8
2015,Northwestern,50.4,48.4,28.6,32.800000000000004,27.6,30.9,18.1,15.5,35.9,37.7,48.3,43.8,73.2,66.7,38.0,36.1
2015,Alabama,50.7,47.4,43.7,39.5,29.6,32.0,18.7,18.9,32.2,32.6,52.3,46.5,71.8,71.3,40.6,37.4
2015,Ohio,49.8,49.3,28.9,32.2,25.9,30.5,18.7,15.4,34.0,35.9,49.0,46.8,73.5,73.0,38.0,34.6
2015,UTEP,52.0,46.9,43.8,31.9,29.1,29.8,18.8,18.7,36.6,33.6,50.9,45.2,66.1,66.3,29.5,32.0
2015,Fairfield,45.2,48.3,37.1,42.7,27.3,33.900000000000006,20.200000000000003,18.3,32.2,34.3,43.2,47.2,71.6,67.2,38.9,26.5
2015,Murray St.,54.3,46.8,41.2,36.6,35.9,32.5,17.1,18.7,38.3,33.7,52.6,44.9,69.5,71.7,34.5,34.6
2015,Rider,49.4,47.5,35.6,37.7,31.1,29.6,19.2,21.6,33.4,32.7,49.0,46.6,60.3,73.7,33.5,38.4
2015,Syracuse,47.3,46.400000000000006,35.4,30.0,33.5,31.3,17.9,21.1,30.0,31.4,48.3,45.9,66.0,70.4,29.1,37.4
2015,Providence,48.4,48.2,40.7,39.3,35.2,29.0,18.1,19.7,31.3,33.3,48.9,47.1,70.7,69.0,28.9,36.3
2015,St. Francis NY,46.3,47.4,40.9,40.2,39.6,28.8,19.8,20.200000000000003,29.1,36.7,47.5,44.7,67.8,70.0,32.5,26.5
2015,Harvard,47.1,46.6,38.9,32.9,32.4,28.4,18.4,20.1,34.3,34.0,45.5,44.5,72.1,67.2,26.4,31.7
2015,Stony Brook,46.0,46.0,32.4,32.2,37.1,25.4,18.6,17.7,32.1,34.3,45.1,43.0,66.4,70.1,29.0,35.2
2015,UCLA,49.6,48.5,35.7,32.300000000000004,33.800000000000004,28.6,17.599999999999998,17.9,36.8,35.6,47.4,45.4,67.6,69.6,28.9,38.5
2015,UNC Greensboro,49.7,50.8,31.3,48.5,30.6,29.7,18.8,18.2,36.1,35.2,47.6,49.7,62.9,71.6,31.5,35.9
2015,USC Upstate,49.5,47.1,30.4,30.3,35.2,33.5,16.900000000000002,20.3,33.2,31.9,49.2,46.6,66.0,66.9,40.0,39.8
2015,Liberty,46.0,50.2,40.2,41.8,30.6,32.5,24.5,18.1,31.0,35.6,45.8,48.0,71.1,68.1,28.4,41.7
2015,Grand Canyon,50.4,49.6,40.1,36.1,26.8,33.900000000000006,17.1,16.3,33.7,33.6,50.2,49.3,72.7,69.0,36.3,30.3
2015,Idaho,53.400000000000006,53.6,38.6,41.5,30.7,27.0,17.5,15.4,41.0,36.3,49.2,53.0,70.8,69.4,33.6,43.1
2015,Clemson,46.0,45.6,34.4,31.2,34.1,31.4,18.6,17.7,29.9,32.8,46.5,43.9,68.2,68.9,33.9,33.2
2015,Buffalo,48.7,48.5,42.6,34.300000000000004,34.5,30.4,16.7,19.7,34.1,33.0,47.6,48.0,71.9,66.4,30.3,37.9
2015,UC Davis,57.3,48.4,39.3,33.300000000000004,28.6,33.7,20.9,17.9,44.1,34.6,51.7,46.5,74.1,69.9,39.1,35.0
2015,Cincinnati,49.5,44.1,37.1,26.1,37.3,32.300000000000004,21.0,19.9,32.9,31.9,49.6,42.2,67.0,65.1,29.7,33.3
2015,Portland,50.0,49.7,36.1,35.9,35.0,30.7,18.3,17.2,37.8,34.1,46.9,49.0,72.0,73.8,31.5,32.4
2015,UNC Wilmington,47.5,47.9,37.5,47.4,31.0,32.4,18.0,20.4,34.0,33.5,46.3,46.9,68.2,68.5,25.3,30.3
2015,Washington,49.3,47.1,33.900000000000006,31.7,31.4,33.2,17.5,16.8,33.4,33.0,48.9,46.0,68.3,69.2,33.1,29.5
2015,North Carolina,51.6,45.4,35.2,37.8,40.0,31.2,18.2,17.7,35.8,30.0,50.9,45.6,70.2,70.1,22.3,36.8
2015,Cleveland St.,51.7,48.8,31.1,43.7,31.9,30.6,19.0,21.0,37.9,36.2,48.9,45.6,68.5,67.3,35.9,36.1
2015,Charlotte,51.7,50.6,36.9,33.1,33.7,31.3,19.6,18.4,37.6,36.5,49.8,48.3,65.0,70.1,28.8,36.7
2015,Green Bay,49.3,46.0,39.3,39.8,33.300000000000004,29.4,18.5,20.8,28.3,33.7,51.8,44.0,64.0,67.0,26.4,30.3
2015,Duke,56.6,46.5,39.8,23.9,35.8,30.2,16.3,18.6,38.7,31.4,55.9,46.3,69.9,69.4,33.4,27.8
2015,Sacred Heart,49.6,49.2,35.9,33.6,33.900000000000006,32.7,19.4,18.4,32.0,34.7,50.3,47.7,64.4,71.6,27.8,34.6
2015,Presbyterian,48.4,54.0,33.300000000000004,28.7,27.3,33.6,20.9,15.9,31.7,38.9,48.8,50.6,64.7,68.4,25.4,43.4
2015,San Francisco,50.7,49.2,41.0,38.7,30.5,30.8,17.9,18.9,33.7,35.5,50.7,46.9,63.3,69.9,34.6,36.7
2015,Alcorn St.,43.1,52.8,37.5,39.900000000000006,30.2,35.9,17.2,18.6,28.4,38.2,43.3,50.9,65.7,67.4,30.0,29.5
2015,St. John's,49.3,46.400000000000006,35.7,33.300000000000004,27.6,35.4,15.7,19.5,34.5,32.6,48.2,44.9,69.0,64.9,30.5,35.5
2015,Dartmouth,49.2,49.9,35.7,42.7,30.9,28.5,20.3,21.2,34.6,35.4,47.9,47.8,64.6,68.9,33.1,38.3
2015,Austin Peay,44.5,54.900000000000006,41.6,38.4,31.8,29.2,20.8,20.3,30.1,38.6,44.2,53.2,66.1,72.5,30.2,36.3
2015,Portland St.,48.7,52.7,37.2,31.4,27.6,32.1,16.400000000000002,17.5,37.3,38.5,45.5,50.2,74.4,73.4,31.0,33.2
2015,Toledo,52.3,49.7,41.2,31.0,33.300000000000004,29.4,18.1,16.2,36.6,31.7,51.2,51.0,74.2,70.3,29.0,38.2
2015,Missouri St.,45.4,49.6,31.7,36.8,29.7,30.0,19.5,16.400000000000002,31.4,36.9,44.5,46.6,74.0,71.9,31.9,33.9
2015,Stanford,49.3,48.4,40.5,36.5,33.6,27.800000000000004,16.2,17.2,37.7,37.4,46.0,44.7,72.6,68.3,31.2,32.2
2015,Rutgers,43.6,49.8,32.6,32.0,30.5,31.4,20.1,18.1,29.5,33.7,43.3,49.3,65.3,67.4,29.4,37.6
2015,Arkansas Pine Bluff,46.3,51.2,35.6,48.8,30.5,39.5,23.5,24.9,33.3,36.9,44.2,48.8,68.0,67.3,37.4,35.9
2015,Louisiana Monroe,45.6,44.7,26.1,29.7,32.6,29.4,18.0,17.2,29.9,30.2,46.0,44.3,71.7,72.4,30.3,36.0
2015,Southern Utah,52.3,51.5,38.7,50.6,22.6,29.3,20.1,15.7,39.7,37.2,48.4,49.6,66.7,69.9,35.5,30.4
2015,North Florida,53.6,47.9,39.7,34.1,29.2,31.8,18.3,17.9,38.1,31.3,51.1,48.3,72.6,67.5,42.1,27.6
2015,Wyoming,52.2,47.0,40.400000000000006,27.0,22.0,27.0,18.8,17.9,32.6,34.9,54.4,44.0,70.4,70.6,40.0,35.2
2015,Pittsburgh,49.1,50.0,34.8,37.8,34.300000000000004,31.6,15.7,17.4,33.6,34.9,48.6,49.0,68.4,71.3,25.9,30.8
2015,Northern Iowa,55.900000000000006,45.6,39.8,27.0,27.0,26.9,17.8,19.2,39.8,32.1,53.3,44.0,73.3,71.2,39.9,37.9
2015,Miami OH,49.4,53.1,38.7,42.5,25.9,29.6,19.4,20.6,34.4,34.9,48.3,53.7,70.9,69.4,32.5,40.5
2015,Denver,56.2,52.900000000000006,31.2,51.2,19.3,29.6,19.1,20.4,38.0,37.1,55.5,51.7,76.6,71.3,43.0,29.8
2015,Memphis,48.4,44.4,31.6,38.7,37.0,31.6,20.200000000000003,19.2,32.8,30.4,48.1,43.8,66.6,69.0,27.7,30.9
2015,LSU,50.3,44.6,33.5,29.4,33.900000000000006,32.9,20.200000000000003,19.1,33.9,30.9,50.1,43.9,68.4,66.2,28.4,29.2
2015,Villanova,55.3,45.5,41.8,30.4,32.5,31.2,16.3,21.6,38.9,30.5,53.0,45.3,73.1,68.0,42.9,32.2
2015,Mount St. Mary's,47.2,49.6,30.4,35.6,30.6,32.4,19.0,21.3,33.0,34.8,45.5,48.5,68.2,67.6,42.0,29.5
2015,Duquesne,51.2,51.7,32.5,33.800000000000004,31.7,33.300000000000004,18.3,16.0,36.2,38.5,49.5,47.7,63.3,67.8,37.1,40.1
2015,Washington St.,49.6,52.400000000000006,39.7,34.1,26.4,30.3,17.299999999999997,14.099999999999998,34.2,37.4,48.7,50.8,72.0,69.2,36.6,29.6
2015,Southern Illinois,45.7,51.4,41.0,40.8,31.4,26.200000000000003,20.8,21.3,33.3,38.1,44.3,48.2,69.6,73.0,25.9,35.8
2015,Texas,49.1,42.1,36.6,34.8,37.9,28.6,20.1,14.000000000000002,33.8,34.7,48.3,37.7,72.3,66.3,34.1,30.8
2015,Kent St.,49.8,45.8,37.1,39.5,33.6,32.7,17.8,18.2,36.6,32.1,46.7,44.8,65.9,69.9,37.1,29.7
2015,Marshall,46.2,48.6,34.9,36.6,28.2,32.5,21.6,18.6,31.1,31.7,45.9,49.1,64.5,63.6,42.3,34.7
2015,Purdue,50.3,45.4,41.7,38.4,36.5,30.9,19.9,17.599999999999998,32.7,35.1,50.9,42.3,68.3,69.3,32.4,30.5
2015,USC,46.8,48.0,33.800000000000004,31.2,31.5,34.300000000000004,20.0,19.1,32.9,32.9,45.8,47.2,63.4,70.8,27.7,35.3
2015,Northwestern St.,52.900000000000006,54.400000000000006,35.099999999999994,36.9,29.8,38.9,15.9,19.6,36.8,40.1,51.6,51.8,75.1,69.4,36.3,31.1
2015,Illinois,47.6,48.0,31.2,30.4,30.2,28.000000000000004,15.2,19.7,35.5,32.9,44.4,47.3,79.4,71.4,35.2,36.0
2015,Lafayette,55.8,53.5,30.4,27.500000000000004,27.700000000000003,34.5,17.1,16.8,40.8,38.0,52.8,51.5,76.6,69.9,35.4,37.1
2015,South Dakota,47.1,51.0,33.7,35.6,31.0,27.0,16.7,17.5,35.8,33.9,44.2,51.1,73.0,73.4,30.4,35.3
2015,Oakland,52.3,53.5,38.1,34.599999999999994,30.1,30.5,18.4,16.1,35.5,36.5,51.7,52.8,68.6,71.3,38.5,34.9
2015,Cornell,44.6,45.7,39.3,41.5,23.1,30.0,19.0,19.3,30.3,33.3,44.1,43.2,74.8,68.8,37.1,37.5
2015,Louisiana Tech,50.7,46.9,33.7,31.3,29.0,35.4,15.6,22.4,32.9,33.6,51.4,45.5,68.7,69.3,35.8,28.9
2015,SMU,52.1,45.7,43.8,31.2,36.6,29.2,19.5,20.3,36.3,32.7,51.3,42.9,70.2,68.1,23.1,45.7
2015,Detroit,49.7,52.0,32.4,48.3,29.4,29.8,19.3,21.2,37.9,33.7,46.3,53.0,69.2,70.1,31.8,40.3
2015,Georgia Southern,47.3,46.2,36.2,32.7,32.6,32.2,18.3,22.0,31.4,31.2,47.5,45.9,66.1,67.8,41.5,37.2
2015,Western Michigan,51.3,51.9,42.7,36.7,29.8,30.4,18.1,18.9,35.9,35.4,49.9,51.1,70.9,71.7,35.8,40.6
2015,Saint Mary's,52.400000000000006,48.0,34.1,33.2,33.2,24.7,18.8,15.4,37.1,33.1,50.6,47.2,72.6,71.2,35.7,32.5
2015,Boston University,52.7,53.0,44.9,33.6,28.2,28.4,19.4,16.3,36.8,37.4,50.8,50.9,69.7,71.3,42.4,40.1
2015,UNLV,50.2,45.3,32.7,29.9,26.700000000000003,32.4,17.299999999999997,16.2,36.1,35.1,48.0,42.0,66.4,66.5,35.3,30.5
2015,Fordham,46.7,50.2,33.1,41.7,33.4,29.5,22.2,18.7,29.8,34.1,47.8,49.6,72.1,67.4,36.0,36.6
2015,Navy,49.1,53.1,30.6,36.6,29.5,30.0,19.4,20.1,33.1,39.1,48.8,49.7,66.9,70.5,31.3,37.6
2015,Incarnate Word,52.0,51.4,45.3,39.6,25.7,31.5,15.7,17.9,35.0,35.5,51.8,50.6,73.5,73.0,33.5,29.4
2015,California,48.9,46.8,30.3,38.8,26.0,25.1,16.6,14.3,35.9,33.4,47.0,45.6,65.0,69.8,27.6,25.4
2015,Richmond,52.1,46.0,32.9,33.5,22.2,33.4,15.6,21.1,34.0,30.3,52.8,46.2,69.0,71.5,37.3,29.3
2015,Pepperdine,46.9,45.6,37.0,33.800000000000004,28.7,32.800000000000004,19.3,19.1,31.8,27.3,46.6,47.7,74.2,66.7,27.9,30.3
2015,Hofstra,52.3,49.5,39.8,38.7,32.7,28.4,16.0,19.6,36.2,33.9,50.9,48.8,70.0,70.9,41.6,33.7
2015,Alabama A&M,44.7,50.5,41.6,41.3,35.2,36.4,21.9,18.3,29.1,33.3,45.4,50.7,64.8,62.3,37.6,29.3
2015,Seattle,50.8,47.0,36.4,33.5,30.9,28.5,22.0,17.299999999999997,37.8,33.3,47.5,45.1,66.3,72.7,36.0,40.1
2015,Iowa,48.1,45.6,38.0,29.1,35.6,30.3,17.1,18.9,33.3,32.6,47.3,43.7,74.4,69.4,30.2,36.6
2015,Mississippi,47.8,47.6,36.1,41.2,34.8,31.4,16.5,18.7,33.2,35.8,46.8,43.6,77.3,68.5,33.0,40.1
2015,Iowa St.,54.3,47.6,36.5,24.0,28.3,29.6,15.8,18.5,36.2,34.7,54.3,45.2,69.6,73.3,36.8,34.4
2015,South Dakota St.,51.9,47.2,40.400000000000006,41.2,28.8,28.2,16.900000000000002,18.1,38.1,34.7,48.6,45.0,71.6,66.1,38.8,31.5
2015,South Alabama,47.8,49.0,41.9,34.1,30.0,33.1,20.9,15.2,32.9,34.2,47.0,48.1,70.7,70.6,34.8,29.7
2015,Robert Morris,50.1,49.3,35.5,37.6,31.0,35.9,19.8,21.8,37.5,34.1,47.4,48.3,70.9,66.0,30.6,36.4
2015,Michigan,49.4,50.9,26.6,26.700000000000003,25.5,31.2,15.6,19.4,35.3,34.0,47.0,50.8,74.9,69.7,40.6,35.4
2015,St. Bonaventure,47.1,48.4,37.9,33.900000000000006,35.0,29.0,18.9,19.7,31.4,36.2,47.1,45.3,70.6,67.1,29.2,34.4
2015,Tennessee,48.2,51.9,32.300000000000004,43.5,37.0,33.300000000000004,19.7,22.6,33.1,37.1,47.4,49.1,69.1,69.7,34.3,43.1
2015,Saint Joseph's,45.3,48.3,35.2,31.3,31.5,30.4,19.2,19.0,29.9,34.8,45.5,46.3,61.5,66.8,32.8,33.6
2015,Colorado,48.4,48.9,40.8,33.900000000000006,34.4,27.9,19.9,16.900000000000002,33.5,35.3,47.7,46.5,71.3,70.4,28.7,37.0
2015,Fresno St.,47.1,49.4,38.8,44.3,25.9,32.7,17.2,20.3,31.3,34.8,47.2,48.0,69.3,69.4,33.4,33.4
2015,Loyola Marymount,46.3,53.7,36.2,35.5,33.5,34.1,21.5,18.0,35.1,39.2,43.8,50.5,71.0,70.5,27.9,38.7
2015,North Texas,46.9,49.3,40.0,38.2,31.1,33.1,20.1,20.4,29.9,34.2,47.8,48.1,63.4,67.0,30.1,40.1
2015,La Salle,46.7,45.8,36.4,34.4,29.6,30.8,19.9,20.1,32.1,31.6,46.1,45.1,69.4,69.3,29.4,29.5
2015,Nebraska,46.2,46.8,36.5,38.5,26.700000000000003,30.3,19.4,20.6,28.4,33.4,48.0,44.7,70.7,69.4,35.1,38.2
2015,Stetson,48.1,51.6,34.1,31.5,26.1,35.099999999999994,18.3,16.400000000000002,31.8,37.1,48.3,49.1,65.7,71.8,33.5,37.7
2015,Campbell,49.8,52.5,35.9,42.4,27.500000000000004,30.8,20.1,19.0,36.0,34.7,46.5,52.7,62.3,72.0,44.2,32.4
2015,Nebraska Omaha,49.3,53.3,42.6,38.9,30.5,28.9,18.3,20.3,33.1,37.6,49.2,51.7,69.6,72.6,31.5,34.3
2015,Morgan St.,40.2,53.3,33.1,43.2,34.8,33.800000000000004,16.2,21.6,28.4,36.1,39.1,52.9,62.5,70.6,30.6,30.4
2015,Colgate,56.00000000000001,50.7,27.4,35.099999999999994,23.7,28.4,18.8,16.5,39.5,37.8,53.8,47.8,69.4,66.7,38.7,32.1
2015,Montana,53.7,51.3,33.300000000000004,43.6,27.6,28.7,18.0,19.9,36.6,36.1,52.9,49.4,71.7,71.8,41.4,38.4
2015,Appalachian St.,45.6,50.6,33.6,37.6,31.4,29.8,20.6,17.2,31.6,32.3,44.5,51.5,70.8,68.3,36.7,29.4
2015,New Mexico,47.9,46.7,38.4,32.800000000000004,33.300000000000004,26.1,20.200000000000003,18.6,30.8,31.4,48.6,46.4,65.8,70.3,30.2,41.8
2015,Vanderbilt,54.400000000000006,46.6,42.4,34.4,31.9,33.1,20.0,18.1,39.6,34.0,51.5,44.5,71.3,69.0,36.6,32.9
2015,Oregon St.,46.6,44.7,36.8,44.3,28.5,32.800000000000004,19.1,23.7,32.0,30.0,46.0,44.4,69.8,74.0,31.8,40.9
2015,Holy Cross,47.2,53.2,34.9,41.3,29.6,29.7,17.0,21.6,33.7,37.5,45.4,51.7,71.6,71.5,33.7,31.6
2015,Eastern Illinois,51.0,48.8,33.4,31.4,23.4,34.300000000000004,19.0,18.9,37.4,34.4,47.8,47.2,65.3,71.2,38.2,35.7
2015,Lamar,49.7,52.8,41.9,46.0,34.599999999999994,32.9,23.4,20.4,31.9,37.6,50.7,50.8,68.0,68.7,34.1,35.3
2015,Southern,45.1,44.0,40.5,45.6,32.1,34.7,20.1,20.6,30.6,29.8,44.9,43.7,63.9,66.7,26.0,31.3
2015,Georgia Tech,44.4,49.2,31.1,33.800000000000004,38.7,25.8,19.6,18.0,26.7,31.9,46.1,49.9,64.8,69.2,27.3,32.8
2015,Central Connecticut,44.6,51.4,28.6,23.9,30.9,32.800000000000004,21.3,15.8,32.2,34.5,43.2,51.2,71.0,71.0,27.1,35.3
2015,Valparaiso,51.3,45.2,36.6,33.4,34.7,27.4,19.0,18.6,38.4,33.4,48.0,42.3,68.3,70.1,33.9,37.3
2015,Radford,50.0,48.4,35.4,36.3,34.5,32.7,18.1,18.8,32.6,33.4,50.5,47.8,68.6,70.3,32.8,28.8
2015,Oral Roberts,48.1,51.0,44.5,37.8,29.5,31.3,17.599999999999998,18.6,35.8,37.5,45.6,48.8,72.3,71.3,30.4,30.0
2015,UMBC,46.3,51.2,37.2,33.0,23.5,30.5,24.1,19.7,32.6,36.1,45.0,49.6,64.4,69.8,32.4,35.0
2015,Texas St.,44.0,47.6,36.5,36.6,29.0,31.8,19.9,23.1,31.1,30.5,42.8,48.6,69.6,73.2,30.9,34.9
2015,Tennessee Martin,53.400000000000006,50.8,31.4,28.8,30.0,25.8,18.6,15.4,39.4,35.4,50.0,49.4,71.0,70.4,37.4,38.6
2015,Norfolk St.,52.1,48.1,42.7,39.4,34.300000000000004,30.4,20.7,18.0,34.5,33.9,52.2,46.3,65.5,66.1,29.9,40.0
2015,Northern Arizona,46.1,48.6,36.4,38.4,35.3,26.8,17.7,16.7,34.8,31.7,42.9,49.1,75.4,72.4,33.9,33.1
2015,Wichita St.,50.3,45.8,36.2,36.6,34.5,27.4,15.0,21.3,35.4,35.3,48.9,42.6,70.5,69.5,34.7,30.4
2015,George Mason,45.5,50.0,41.1,44.7,35.9,30.4,21.9,18.5,31.6,35.3,44.9,48.4,66.9,71.3,24.7,36.4
2015,Louisiana Lafayette,50.1,48.0,39.6,37.4,34.599999999999994,27.6,20.5,18.4,34.7,32.3,49.2,47.8,72.0,68.8,31.4,29.8
2015,UT Rio Grande Valley,44.7,50.5,38.6,35.4,30.4,36.6,20.9,19.0,28.2,34.1,45.6,50.1,67.6,72.2,27.2,35.3
2015,Coppin St.,47.0,54.50000000000001,30.5,42.4,25.3,38.1,18.4,19.3,35.3,38.4,42.4,53.2,69.2,70.2,43.1,30.8
2015,Maryland Eastern Shore,51.7,51.1,47.0,41.1,35.5,31.9,23.4,21.3,38.2,32.4,48.9,52.6,65.6,67.9,33.6,38.9
2015,VCU,48.7,49.5,37.3,37.8,31.8,30.6,15.7,23.5,34.3,34.5,46.9,48.3,65.7,69.2,39.9,35.1
2015,Eastern Michigan,46.9,46.2,41.5,42.5,30.2,33.7,17.8,21.5,31.4,33.1,46.7,44.0,71.6,69.1,38.1,38.6
2015,Akron,49.4,45.5,31.3,41.0,33.300000000000004,31.5,18.8,18.8,34.9,33.0,46.7,43.8,66.0,67.9,47.8,30.7
2015,Maryland,51.2,45.5,44.5,28.1,28.9,30.5,18.9,17.2,37.6,31.8,48.0,44.1,75.6,66.0,38.7,37.5
2015,Bowling Green,49.3,47.2,32.4,32.2,31.6,29.5,18.4,19.5,33.8,32.6,48.6,46.1,71.9,69.3,36.7,37.7
2015,McNeese St.,46.400000000000006,51.9,30.9,34.9,33.7,34.4,16.0,18.5,31.6,33.1,45.9,53.1,64.5,68.7,33.5,35.5
2015,Canisius,46.6,46.9,32.0,40.7,34.0,32.300000000000004,18.4,21.5,31.8,32.2,46.1,46.1,72.0,69.0,36.3,37.0
2015,BYU,53.2,49.6,42.5,39.2,33.4,28.4,16.400000000000002,17.7,39.0,33.1,50.2,49.6,76.8,69.9,36.6,32.3
2015,Northern Colorado,53.0,55.7,35.099999999999994,40.400000000000006,33.6,34.300000000000004,16.2,20.0,37.5,40.2,51.4,52.9,70.6,70.4,31.7,37.9
2015,Western Carolina,48.8,50.1,34.599999999999994,52.5,34.7,33.900000000000006,20.1,20.7,34.8,34.9,47.2,48.6,69.6,71.7,31.6,40.4
2015,Oklahoma,49.3,44.1,32.800000000000004,28.4,31.5,31.4,17.599999999999998,19.7,34.3,31.7,48.2,42.2,74.1,65.5,33.8,34.5
2015,Tulsa,47.1,45.5,41.4,30.9,30.8,28.5,17.7,19.7,32.3,33.3,46.5,42.8,64.7,65.7,32.1,38.4
2015,Cal Poly,44.1,49.3,31.5,31.3,31.9,28.2,14.8,17.299999999999997,31.6,35.6,42.5,47.3,67.1,70.4,33.2,32.2
2015,Wofford,51.1,47.0,37.6,36.4,29.4,27.700000000000003,17.2,20.0,36.8,30.9,49.1,47.3,68.8,70.4,33.2,31.3
2015,Boise St.,53.2,47.6,32.4,31.6,27.800000000000004,25.6,16.1,19.4,38.9,31.3,49.6,48.1,72.4,70.0,41.5,35.7
2015,Troy,48.9,50.8,38.0,28.3,31.3,33.7,21.2,19.5,33.5,33.3,48.1,51.2,66.2,70.7,36.9,37.3
2015,Youngstown St.,50.1,53.6,35.9,36.8,27.6,34.2,17.2,17.8,35.6,37.9,48.5,51.7,69.6,71.6,32.9,36.1
2015,Mississippi Valley St.,42.7,54.50000000000001,33.0,36.7,30.1,39.7,20.9,20.8,30.3,35.5,41.7,55.1,65.4,67.3,27.2,34.1
2015,North Carolina Central,53.2,42.1,37.2,41.1,31.0,30.8,19.8,20.200000000000003,35.6,29.1,53.1,41.3,68.5,67.9,36.5,34.5
2015,Yale,49.9,47.6,40.9,33.1,34.2,27.800000000000004,20.4,19.0,36.5,31.0,47.3,48.1,70.9,67.3,35.3,32.3
2015,DePaul,50.7,50.8,36.5,48.7,27.4,35.5,19.8,18.8,35.2,31.2,49.2,52.7,72.1,73.1,40.5,31.0
2015,Northeastern,54.50000000000001,49.8,41.4,25.0,30.1,25.3,21.5,15.5,38.6,34.4,53.0,49.1,72.5,68.9,30.5,28.8
2015,Western Kentucky,49.6,48.6,38.7,34.1,30.4,29.2,18.9,18.9,35.6,33.1,47.2,48.1,65.7,67.5,37.3,35.2
2015,Prairie View A&M,47.5,48.4,30.9,51.2,32.1,40.1,20.7,24.3,33.1,29.8,46.7,50.1,64.5,66.6,27.8,30.2
2015,North Dakota,48.4,53.2,38.5,42.3,24.7,29.0,17.9,18.1,33.1,38.6,47.8,51.2,68.0,72.4,33.3,29.7
2015,IPFW,53.3,51.3,41.1,27.700000000000003,25.1,26.6,18.7,16.0,36.3,36.0,52.6,49.9,68.9,71.4,38.2,33.7
2015,St. Francis PA,50.1,49.5,34.599999999999994,30.1,25.7,31.4,19.4,20.6,33.1,32.4,50.3,50.0,67.2,71.3,41.1,35.3
2015,Florida A&M,41.3,53.5,37.8,34.9,26.8,35.5,21.8,18.5,28.3,35.1,40.9,54.0,64.9,64.4,28.1,37.7
2015,Grambling St.,39.4,52.2,39.6,38.7,28.9,36.4,26.1,16.900000000000002,28.3,32.1,38.4,54.3,64.8,63.1,26.0,34.6
2015,Xavier,53.3,50.0,38.5,33.300000000000004,31.3,27.3,18.1,18.8,35.1,34.6,53.7,48.9,73.0,67.7,33.2,37.1
2015,Sacramento St.,53.900000000000006,53.8,35.5,32.300000000000004,27.200000000000003,33.300000000000004,16.6,19.6,40.8,34.8,50.9,54.7,73.9,71.3,29.3,36.5
2015,Western Illinois,45.3,50.7,30.3,37.1,20.0,28.9,18.3,16.7,35.2,35.5,41.2,49.4,69.5,70.3,35.7,32.5
2015,Howard,46.2,45.7,43.4,40.1,33.5,34.599999999999994,25.0,21.4,28.9,31.4,47.4,44.8,69.9,69.7,30.7,38.7
2015,Penn St.,48.0,45.3,34.7,41.5,29.7,31.0,18.2,17.8,33.4,32.6,46.8,43.6,69.5,70.0,35.9,33.3
2015,Hampton,45.6,46.400000000000006,43.8,45.5,31.8,30.9,20.200000000000003,20.1,30.4,33.9,45.6,44.5,65.2,68.5,32.6,30.2
2015,Idaho St.,48.1,52.0,37.0,34.8,29.9,32.2,18.7,18.7,34.9,37.0,46.6,49.3,65.1,74.0,25.7,42.7
2015,Missouri,45.8,49.3,32.5,43.9,29.4,33.300000000000004,20.200000000000003,17.2,32.5,34.4,44.2,48.0,66.7,69.9,35.0,35.0
2015,American,53.400000000000006,51.0,34.4,33.0,21.3,31.6,19.4,21.8,37.4,34.2,51.8,50.9,70.5,67.8,38.6,32.6
2015,Marist,46.8,49.6,38.0,36.7,21.2,35.6,20.5,20.8,31.5,33.1,46.4,49.6,70.0,69.9,44.0,34.5
2015,Maine,46.7,55.8,27.700000000000003,36.6,23.5,31.7,21.6,19.0,32.6,37.4,45.5,55.6,72.6,68.3,37.9,36.6
2015,Utah,55.2,43.0,43.4,34.300000000000004,31.3,28.4,18.2,18.3,40.1,31.2,52.3,41.4,70.5,68.2,37.3,29.3
2015,South Florida,47.3,49.1,31.6,42.5,31.3,34.8,20.9,18.8,30.9,37.4,47.7,45.4,61.6,68.1,26.1,34.3
2015,North Carolina St.,49.3,45.5,35.3,34.7,33.900000000000006,30.2,16.0,14.9,35.6,33.0,47.3,43.6,68.8,70.4,32.2,31.3
2015,SIU Edwardsville,48.7,49.3,37.4,37.0,28.8,31.9,20.3,19.8,36.9,36.1,45.3,46.9,66.7,69.3,33.9,33.0
2015,Houston,46.5,49.1,31.5,33.2,33.6,33.7,20.5,19.9,32.0,33.7,45.2,48.4,69.2,66.7,45.1,33.2
2015,Kennesaw St.,45.3,50.7,29.8,35.7,29.6,35.099999999999994,21.3,16.2,31.5,33.4,44.1,51.1,72.8,70.3,37.7,34.0
2015,Army,50.0,51.0,32.0,40.7,29.7,31.5,19.1,18.9,32.2,35.8,51.1,49.9,68.4,66.9,38.9,29.0
2015,Elon,47.5,51.3,37.6,44.1,27.9,31.9,19.0,21.2,34.5,35.0,45.1,50.6,68.4,67.2,35.8,34.3
2015,Georgetown,51.3,47.1,43.9,44.1,34.300000000000004,31.0,19.2,20.200000000000003,35.3,36.2,50.5,43.1,70.4,71.0,32.5,35.4
2015,Nicholls St.,47.8,50.0,42.4,50.7,30.1,34.5,25.0,20.3,31.2,35.7,48.4,48.3,62.9,72.2,33.0,31.9
2015,Seton Hall,48.2,47.7,38.1,38.0,34.7,33.2,18.7,18.0,35.0,30.0,46.0,49.0,65.7,65.9,34.9,31.9
2015,Evansville,52.1,49.4,44.3,31.4,25.8,28.000000000000004,19.3,19.9,35.4,35.5,51.8,47.5,74.8,71.3,23.9,34.2
2015,Saint Peter's,46.9,45.2,44.0,45.8,31.4,30.5,19.5,20.9,34.3,31.2,44.6,44.3,66.0,73.0,33.2,36.3
2015,Stephen F. Austin,55.60000000000001,49.0,41.9,49.1,37.6,29.6,20.3,24.5,37.3,33.7,55.4,48.3,73.4,69.8,36.6,27.9
2015,Miami FL,49.9,47.6,35.5,28.5,29.5,29.3,15.9,17.299999999999997,35.8,32.4,47.4,47.1,74.6,65.8,39.8,34.0
2015,Indiana St.,49.4,48.6,42.3,37.6,26.4,31.7,20.9,20.8,35.7,38.6,46.6,44.7,70.1,73.2,39.9,29.8
2015,Cal St. Fullerton,45.7,51.3,36.7,41.0,28.5,27.1,19.2,16.6,31.8,38.7,44.9,48.1,68.7,69.7,31.1,32.1
2015,UAB,47.6,47.6,35.7,33.6,34.2,33.1,20.1,19.7,33.2,31.9,46.6,47.4,73.7,68.4,30.1,31.8
2015,FIU,48.2,48.0,37.4,36.6,29.0,31.9,22.6,19.2,31.3,33.7,48.6,46.4,64.3,66.1,28.4,38.6
2015,UNC Asheville,49.9,49.7,35.4,43.3,31.6,32.2,20.8,18.3,35.2,33.9,48.2,49.0,73.7,68.3,37.6,34.6
2015,Sam Houston St.,47.6,45.1,46.3,41.1,36.0,27.3,19.7,20.4,32.1,32.2,47.3,43.9,71.2,64.4,40.5,28.0
2015,Drexel,45.0,50.1,33.1,35.7,27.500000000000004,31.2,17.0,18.5,33.0,35.1,42.6,49.0,74.3,67.5,34.7,30.6
2015,Weber St.,48.0,50.8,46.0,31.5,28.8,30.2,20.5,16.6,34.9,35.9,45.0,49.6,74.6,71.3,40.4,27.7
2015,West Virginia,46.1,52.7,40.400000000000006,55.50000000000001,40.1,31.1,18.7,28.000000000000004,31.6,36.5,45.5,51.8,66.2,69.0,33.6,32.2
2015,Houston Christian,47.4,52.8,39.4,43.7,37.6,31.5,21.4,17.2,31.5,37.9,47.5,51.0,72.9,72.7,25.1,31.8
2015,Bethune Cookman,44.2,48.2,40.3,46.400000000000006,34.4,34.1,22.7,20.9,29.1,33.1,44.4,47.5,71.0,70.1,34.2,34.1
2015,Mercer,49.3,48.9,40.2,31.9,33.300000000000004,32.800000000000004,17.599999999999998,19.2,34.2,35.2,48.3,46.3,68.2,65.8,33.2,40.1
2015,Boston College,50.8,49.4,35.0,40.8,26.0,30.9,18.8,18.8,32.4,33.5,52.1,49.0,70.5,72.2,38.3,31.5
2015,Siena,47.5,51.4,41.9,51.0,36.3,37.1,18.7,21.2,33.2,36.2,46.6,49.9,71.0,74.9,26.4,34.2
2015,Northern Kentucky,51.2,50.6,30.0,45.3,28.5,30.0,17.8,16.6,33.4,35.5,51.9,49.2,66.5,72.9,37.5,35.6
2015,Texas Southern,49.5,49.3,46.8,33.1,33.800000000000004,34.599999999999994,19.7,18.7,32.2,34.4,50.0,48.5,66.1,65.4,31.2,28.3
2015,San Jose St.,41.0,54.0,29.1,42.9,24.1,31.8,21.6,17.8,29.4,38.8,38.7,51.8,66.1,66.6,43.6,34.0
2015,Loyola Chicago,53.3,49.2,33.300000000000004,30.2,28.7,32.1,21.0,20.200000000000003,39.3,31.8,50.6,50.1,69.0,67.4,32.8,37.2
2015,Drake,52.1,54.900000000000006,34.0,30.5,23.3,32.0,22.3,16.900000000000002,40.6,38.5,47.4,53.2,76.9,69.8,35.2,35.9
2015,Georgia,48.5,44.4,47.7,34.300000000000004,32.2,28.5,19.2,16.7,34.2,31.2,47.2,43.2,69.2,69.9,31.1,35.3
2015,Tennessee St.,43.9,50.4,40.400000000000006,42.0,26.5,32.800000000000004,22.1,18.3,34.8,32.7,40.0,51.5,62.1,68.4,32.2,42.6
2015,Winthrop,50.8,47.0,35.9,38.4,29.4,32.300000000000004,17.7,19.0,35.5,32.7,49.2,45.9,72.5,69.8,39.1,33.7
2015,San Diego,48.0,47.9,38.4,42.0,30.0,31.6,18.4,21.3,34.5,33.7,46.0,46.9,69.0,69.3,34.7,27.4
2015,Eastern Kentucky,53.900000000000006,53.5,32.2,35.0,21.6,34.8,17.9,26.9,35.1,39.2,54.9,49.9,78.0,67.5,48.0,40.5
2015,Delaware,47.1,50.0,38.1,33.2,28.8,31.5,18.4,15.6,34.5,37.0,44.5,46.7,68.6,70.1,35.0,37.5
2015,Chicago St.,42.3,52.8,27.1,53.900000000000006,33.6,33.300000000000004,23.5,22.3,30.2,38.1,40.6,50.0,68.4,68.2,37.6,38.5
2015,San Diego St.,46.6,43.5,36.2,25.7,35.7,29.7,18.6,21.1,32.0,30.6,45.9,42.3,63.0,69.6,30.6,32.0
2015,Vermont,51.9,43.4,42.4,40.400000000000006,26.700000000000003,29.0,20.1,20.1,34.9,30.9,51.7,42.2,69.6,71.2,30.3,29.3
2015,Wake Forest,47.8,50.9,41.5,35.2,31.8,26.4,19.3,17.1,33.6,33.8,46.5,51.1,63.8,68.1,33.9,35.2
2015,Delaware St.,47.7,48.8,31.5,36.0,31.8,31.8,19.7,16.400000000000002,35.0,33.5,44.8,48.0,70.8,68.8,37.7,36.8
2015,College of Charleston,46.0,48.1,32.4,47.4,27.500000000000004,32.2,19.3,18.4,34.3,35.8,43.2,45.4,66.0,68.2,33.7,32.1
2015,Mississippi St.,47.5,48.0,46.400000000000006,36.5,32.300000000000004,31.1,23.3,18.9,31.1,33.2,47.9,47.0,69.3,64.3,28.3,37.3
2015,Wright St.,49.8,51.2,31.5,41.2,23.200000000000003,30.8,19.0,19.8,34.1,35.3,49.0,50.4,68.7,73.4,35.4,32.4
2015,Central Michigan,54.50000000000001,51.7,36.6,36.2,28.8,30.9,15.1,19.7,36.9,34.4,53.7,51.7,72.7,67.6,48.1,36.2
2015,Albany,49.9,49.6,39.0,30.4,32.6,26.0,18.8,20.1,35.8,36.2,47.9,46.2,75.8,70.0,34.3,41.6
2015,Hartford,47.3,50.4,29.8,42.1,25.3,29.5,19.0,20.9,32.5,31.6,46.0,52.0,70.3,67.4,45.4,34.9
2015,Monmouth,47.9,47.2,41.0,37.2,30.0,33.6,19.9,21.4,33.8,34.2,46.7,44.3,72.2,68.7,29.7,42.4
2015,NJIT,52.3,46.400000000000006,39.0,44.1,28.8,33.800000000000004,20.5,19.0,37.1,33.1,49.8,44.6,68.9,74.2,42.2,35.1
2015,Massachusetts,47.3,48.7,42.4,35.2,34.0,31.3,20.5,17.5,29.6,35.0,48.4,47.1,70.4,67.8,27.3,29.4
2015,IUPUI,46.5,51.3,32.800000000000004,41.8,31.1,28.3,23.6,20.9,29.6,38.3,47.3,48.5,70.1,70.3,26.2,31.3
2015,Connecticut,50.0,45.2,32.300000000000004,32.6,30.2,30.5,18.6,17.9,35.4,33.2,48.4,42.8,70.8,68.4,35.0,33.7
2015,TCU,47.9,44.1,46.5,48.0,37.5,33.4,18.4,20.0,32.7,33.5,47.5,42.2,61.5,67.1,25.4,24.5
2015,Temple,44.2,44.5,35.6,33.5,31.8,29.2,14.6,18.8,30.4,31.4,43.4,43.3,69.9,65.4,35.9,32.8
2015,Baylor,49.8,45.8,38.6,32.1,41.9,31.5,20.1,19.3,38.2,29.8,46.1,46.4,67.0,64.6,33.5,35.7
2015,Southeastern Louisiana,50.9,50.4,32.5,33.900000000000006,29.1,32.2,22.5,19.4,31.2,35.8,53.0,48.6,66.1,72.6,33.8,36.2
2015,Bradley,42.3,50.3,37.8,46.2,32.0,29.0,20.4,21.9,30.1,36.9,40.7,47.2,66.8,69.1,35.5,37.7
2015,Northern Illinois,47.6,51.8,47.1,40.9,36.4,31.1,21.7,21.4,32.2,33.9,47.2,52.5,67.4,69.9,30.7,43.3
2015,Milwaukee,49.0,51.2,36.2,31.6,26.9,29.5,20.0,16.5,33.2,38.6,48.6,48.6,73.5,72.4,39.4,27.9
2015,Bryant,48.8,48.3,32.800000000000004,35.9,29.5,32.0,18.3,16.6,34.6,31.5,46.9,48.9,75.0,72.5,38.8,35.6
2015,James Madison,51.9,50.2,42.2,31.9,29.0,31.9,20.3,17.9,37.2,35.7,49.7,48.2,70.4,70.9,36.9,38.0
2015,Rhode Island,48.9,43.9,47.3,46.0,32.300000000000004,29.2,20.8,21.8,30.5,27.3,50.1,45.0,65.6,66.4,27.8,26.5
2015,Nevada,40.8,47.6,39.900000000000006,40.7,39.8,31.9,21.9,15.7,25.8,34.1,41.4,45.7,70.8,66.3,24.4,33.8
2015,George Washington,48.9,45.9,39.900000000000006,28.9,35.5,30.9,18.7,18.3,35.2,31.9,47.3,44.9,67.4,68.2,28.9,34.3
2015,UC Riverside,46.7,49.0,33.7,42.5,30.7,28.7,20.200000000000003,18.7,33.0,39.7,45.1,44.6,67.9,71.7,35.8,29.7
2015,Central Arkansas,48.8,55.00000000000001,39.3,42.5,28.000000000000004,36.7,25.6,18.3,35.3,37.6,46.5,54.4,67.8,69.1,36.5,28.8
2015,Iona,54.7,48.1,37.4,28.5,28.7,33.2,17.2,16.7,39.6,35.5,51.3,45.7,70.1,69.8,42.4,31.9
2015,Jackson St.,42.9,48.6,32.9,54.1,37.7,28.1,21.9,22.7,27.4,34.1,43.7,47.2,64.7,68.8,30.8,37.3
2015,Long Beach St.,47.6,49.2,34.4,36.9,31.5,34.0,20.200000000000003,21.0,33.2,33.0,46.3,49.0,68.4,70.9,36.9,37.6
2015,Creighton,49.4,50.5,36.3,33.4,31.3,28.1,18.4,17.1,34.6,38.0,47.6,46.9,72.5,68.4,42.7,35.7
2015,Cal St. Bakersfield,46.0,48.3,37.7,48.7,33.4,26.9,20.1,19.0,32.0,36.6,45.0,44.4,72.5,69.6,32.4,37.5
2015,Texas A&M,50.5,46.9,38.1,36.4,34.1,28.1,19.2,19.4,35.1,31.0,49.6,47.1,65.8,68.9,29.2,42.8
2015,Longwood,49.0,52.6,30.0,45.0,26.9,35.2,20.7,20.8,36.9,37.5,44.9,50.5,71.7,68.2,39.5,37.3
2015,New Orleans,46.5,54.8,45.9,44.0,35.7,32.9,22.2,21.2,33.9,37.8,45.2,53.9,70.2,65.3,23.0,31.3
2015,Gardner Webb,51.0,53.400000000000006,37.7,29.1,29.8,31.8,17.4,17.1,34.6,37.8,50.4,51.9,67.9,68.8,41.8,29.7
2015,UMass Lowell,47.9,53.900000000000006,34.300000000000004,34.1,21.6,30.4,20.5,23.3,34.9,35.8,44.6,54.1,65.7,68.9,42.0,38.8
2015,Texas Tech,45.7,49.2,46.1,36.5,34.599999999999994,32.6,21.8,20.1,32.3,33.9,44.5,48.2,64.2,68.6,32.5,38.4
2015,Marquette,49.8,49.2,35.8,30.3,29.0,36.4,19.3,21.0,34.4,36.0,48.8,46.4,64.5,71.4,35.4,36.4
2015,UT Arlington,49.4,47.8,38.1,42.2,31.8,32.800000000000004,20.8,19.6,31.3,31.8,50.8,47.8,67.7,71.8,36.6,40.5
2015,Butler,48.4,46.7,40.8,33.4,34.7,25.3,17.0,19.5,35.6,30.7,46.3,47.1,68.6,68.2,28.7,34.2
2015,Jacksonville,46.6,54.50000000000001,39.3,38.8,27.700000000000003,33.800000000000004,18.6,19.1,35.8,36.8,43.1,54.1,66.4,70.5,32.3,37.8
2015,Southern Miss,48.9,53.5,34.1,31.9,26.6,34.2,22.2,20.1,32.8,36.0,48.8,53.1,62.1,70.7,38.6,41.2
2015,Oklahoma St.,50.2,46.5,39.0,42.1,26.9,32.6,18.5,21.1,34.6,34.4,49.2,44.1,73.0,68.6,38.9,32.1
2015,Dayton,52.900000000000006,47.3,48.1,30.6,23.3,28.4,17.9,21.1,35.6,32.5,52.6,46.5,68.6,67.8,38.2,33.4
2015,Utah Valley,44.5,49.9,33.300000000000004,37.0,28.5,30.4,20.3,17.8,29.8,34.3,44.4,49.1,70.3,71.5,37.1,34.2
2015,The Citadel,51.7,55.1,38.0,29.6,31.3,34.599999999999994,21.7,15.9,40.2,35.1,46.8,56.5,76.6,72.2,35.8,35.8
2015,Santa Clara,48.2,51.7,31.1,43.2,28.1,34.1,17.1,19.1,34.6,37.7,46.0,49.2,74.2,70.3,38.1,34.1
2015,UCF,49.1,51.3,35.099999999999994,27.200000000000003,30.7,36.8,19.7,15.8,34.5,35.6,47.6,50.3,64.4,61.5,35.3,30.4
2015,Manhattan,49.4,48.1,47.4,52.3,30.9,33.1,21.1,23.9,33.6,32.4,48.8,48.0,69.1,69.8,36.6,27.2
2015,Eastern Washington,55.1,52.3,35.2,36.0,29.3,30.7,15.9,17.8,39.3,38.7,52.2,49.2,71.7,71.7,43.2,35.3
2015,Fairleigh Dickinson,46.5,52.3,34.2,51.8,27.6,40.400000000000006,18.6,23.200000000000003,32.1,34.7,45.5,52.5,68.9,69.2,37.8,34.2
2015,South Carolina St.,42.4,51.0,32.800000000000004,36.4,30.1,33.2,19.4,20.1,30.1,33.4,41.1,51.5,60.1,64.5,33.2,35.6
2015,Samford,49.8,53.3,37.9,45.4,30.1,34.1,19.2,21.1,34.0,38.9,49.2,51.0,68.5,67.3,33.3,31.1
2015,Ball St.,48.9,52.400000000000006,35.4,42.1,29.9,28.6,21.6,18.2,33.6,35.7,47.7,51.8,69.7,69.5,43.7,33.0
2015,Kansas St.,47.8,49.7,46.0,41.0,34.0,31.4,20.9,20.200000000000003,33.5,33.5,46.9,49.5,67.6,66.3,26.4,31.8
2015,Niagara,45.6,53.7,41.2,36.3,32.0,29.5,20.6,18.1,35.1,37.9,42.3,52.1,69.5,70.6,32.6,35.1
2015,LIU Brooklyn,44.9,48.4,39.8,35.6,31.3,31.0,19.6,18.2,32.4,30.4,42.8,49.8,68.9,69.9,34.8,33.4
2015,South Carolina,45.2,44.8,37.3,44.5,34.599999999999994,31.5,19.6,21.0,30.1,31.7,45.2,43.2,73.9,71.9,33.6,36.3
2015,Towson,44.6,47.6,48.3,45.0,41.1,29.5,21.5,14.9,30.1,34.2,44.4,45.7,66.3,70.5,25.2,33.5
2015,Jacksonville St.,43.0,51.1,37.6,39.0,28.7,34.5,18.5,19.2,29.5,35.7,42.3,50.0,71.0,67.0,35.6,30.3
2015,Wagner,44.6,53.400000000000006,33.900000000000006,53.3,37.2,30.3,20.1,19.8,30.6,37.7,44.0,51.7,70.1,69.4,31.3,34.3
2015,Minnesota,52.1,50.8,32.9,34.5,30.0,33.4,17.7,24.2,37.2,36.8,50.1,48.3,67.5,70.3,33.6,36.6
2015,Florida Atlantic,48.2,49.9,27.800000000000004,37.6,26.0,31.5,19.5,16.7,34.9,29.9,45.6,51.3,67.8,69.9,38.1,21.1
2015,Air Force,53.6,53.0,30.8,35.5,29.6,32.6,19.2,20.200000000000003,35.4,36.6,53.9,51.5,65.9,69.0,39.9,44.1
2015,Florida,49.6,46.0,31.4,37.8,31.7,29.1,19.6,21.6,32.4,32.8,50.3,44.6,63.5,74.5,38.2,31.5
2015,Middle Tennessee,47.9,49.9,36.8,42.2,31.6,26.1,20.3,20.3,36.3,35.7,44.2,48.0,70.8,68.4,36.1,32.6
2015,UMKC,46.1,51.6,40.3,39.8,31.7,36.5,20.0,23.6,33.4,33.6,43.7,52.2,69.6,68.7,36.9,35.6
2015,Penn,49.1,51.2,35.8,39.8,29.5,29.1,23.6,18.1,34.6,37.6,47.7,48.1,67.6,71.0,32.5,37.1
2015,Bucknell,49.7,49.9,40.3,38.4,29.6,25.9,17.1,14.499999999999998,38.1,36.6,46.2,47.7,70.0,74.4,32.8,29.6
2015,Indiana,54.400000000000006,50.3,32.7,32.800000000000004,35.3,31.5,17.2,15.9,40.6,32.5,50.2,50.9,71.9,67.9,39.5,30.4
2015,Chattanooga,50.5,48.0,43.8,43.2,32.5,32.7,19.4,18.7,34.4,35.0,49.9,46.3,68.8,68.7,35.8,27.6
2015,Davidson,55.400000000000006,49.3,28.5,34.599999999999994,29.6,30.4,14.099999999999998,17.0,38.7,30.0,53.1,51.4,69.6,63.8,45.6,32.7
2015,Pacific,46.8,51.9,39.4,43.1,34.599999999999994,31.3,19.8,16.2,34.2,36.1,44.3,50.7,64.8,72.5,36.4,36.2
2015,Belmont,56.49999999999999,51.3,32.2,28.2,28.9,29.6,20.3,18.5,37.7,34.3,56.4,51.2,69.2,71.2,47.8,36.6
2015,Arizona St.,50.9,50.2,42.1,34.1,31.8,25.1,20.7,19.1,35.0,36.2,49.9,48.6,66.7,69.7,36.3,28.5
2015,Tulane,46.400000000000006,49.9,34.7,36.1,32.6,29.3,19.9,20.3,32.0,33.7,45.5,49.6,65.2,66.1,36.2,29.3
2015,Abilene Christian,47.3,55.3,28.3,44.7,24.1,33.900000000000006,19.8,20.8,37.8,37.0,42.0,55.2,72.8,68.7,36.2,32.9
2015,Kansas,49.4,44.6,42.6,33.800000000000004,34.9,31.6,19.2,17.5,37.9,31.5,46.4,43.4,72.4,67.2,28.4,32.0
2015,Columbia,51.6,47.9,28.2,38.2,32.0,29.2,19.4,16.2,35.9,33.1,49.7,47.2,70.8,70.2,45.9,30.1
2015,Charleston Southern,48.5,52.400000000000006,34.9,32.4,33.4,28.5,17.2,18.9,33.7,36.7,46.7,50.5,70.4,71.9,46.7,40.5
2015,Brown,47.0,48.5,45.0,36.4,29.8,30.5,21.6,16.400000000000002,31.1,34.7,47.2,47.0,69.7,69.2,33.3,30.6
2015,Lipscomb,48.1,54.1,39.7,47.0,29.2,29.4,18.7,17.8,32.6,38.3,47.5,51.8,70.4,66.2,43.2,40.7
2015,Morehead St.,49.3,49.1,34.7,55.2,34.7,28.2,20.1,21.2,34.0,33.7,48.4,48.4,72.1,70.0,33.7,32.4
2015,Virginia Tech,51.5,50.8,31.9,33.800000000000004,26.0,36.6,18.1,18.9,38.9,35.1,47.7,49.6,64.0,66.9,35.4,38.9
2015,Furman,49.0,52.3,44.1,36.5,29.5,32.300000000000004,21.1,16.5,32.8,36.0,48.9,51.3,66.7,66.3,39.7,35.2
2015,Montana St.,46.9,53.0,28.7,44.8,29.1,28.2,20.6,17.0,35.6,39.4,42.4,50.4,72.2,71.7,41.0,29.6
2015,Saint Louis,46.2,51.6,41.5,44.5,27.200000000000003,32.1,21.7,20.9,32.0,35.7,45.2,50.6,65.3,67.7,33.6,33.3
2015,East Carolina,48.4,50.9,29.9,34.1,28.2,34.7,18.0,19.2,35.6,31.6,45.2,53.0,68.1,67.7,38.3,36.0
2015,Rice,51.7,49.9,33.7,40.1,26.5,32.2,22.1,19.6,37.3,34.5,47.6,49.0,74.5,65.8,49.4,32.2
2015,VMI,46.9,53.2,29.8,42.3,31.9,33.900000000000006,19.6,20.5,31.4,34.1,46.7,53.9,69.0,68.7,51.7,24.8
2015,Princeton,54.3,49.6,46.1,41.8,20.7,26.4,18.8,18.5,37.3,36.9,53.0,47.2,70.9,71.3,45.4,29.8
2015,Illinois Chicago,43.6,54.400000000000006,40.0,39.0,30.8,28.5,17.4,18.0,31.8,40.3,41.5,51.9,73.9,68.4,33.9,29.1
2015,Auburn,46.9,52.5,48.8,41.9,27.6,34.1,18.9,21.3,35.0,33.3,43.4,53.8,66.7,70.3,38.8,32.7
2015,Loyola MD,42.8,49.7,37.6,44.9,31.9,28.6,20.3,17.599999999999998,32.5,32.9,40.4,49.9,67.1,68.2,28.6,33.1
2015,Savannah St.,44.0,53.0,34.2,50.5,30.0,33.7,24.7,24.8,25.2,37.1,46.2,51.9,56.5,69.9,25.6,28.9
2015,East Tennessee St.,49.8,51.3,39.8,42.3,29.6,33.0,18.7,21.4,36.7,35.8,45.5,49.5,72.6,70.4,44.8,44.1
2015,UTSA,47.9,52.900000000000006,42.1,29.7,35.2,31.3,18.2,20.3,32.7,36.7,47.3,51.5,69.0,72.8,34.7,40.0
