TeamName,eFG%,Rk,eFG% Def,Rk,FTR,Rk,FTR Def,Rk,OR%,Rk,DR%,Rk,TO%,Rk,TO% Def.,Rk,3P%,rk,3pD%,rk,2p%,rk,2p%D,rk,ft%,rk,ft%D,rk,3P rate,rk,3P rate D,rk,arate,rk,arateD,rk
USC Upstate,49.5,120,49.8,221,34.300000000000004,224,35.4,157,35.4,56,30.2,100,20.0,171,20.1,167,34.3,143,34.5,211,48.6,124,48.7,216,64.6,309,70.9,259,31.8,211,36.0,283,60.4,36,59.3,310,11.1,87,5.5,1
Bucknell,49.6,118,42.5,4,35.699999999999996,182,29.4,42,29.299999999999997,246,24.3,2,15.1,2,14.099999999999998,347,35.8,80,30.5,33,48.3,137,41.1,3,74.5,28,70.8,251,24.3,329,30.8,93,55.8,115,48.5,50,10.7,98,5.7,2
Northwestern St.,49.0,143,47.8,135,40.300000000000004,65,40.5,275,34.8,71,37.3,336,19.2,132,21.7,76,31.0,291,33.9,176,50.0,72,46.8,140,69.1,193,62.9,1,29.8,266,25.8,10,53.2,175,48.5,51,10.0,132,5.7,3
Quinnipiac,46.5,264,49.3,202,41.099999999999994,42,42.199999999999996,296,41.3,3,25.8,7,20.200000000000003,185,15.7,334,33.5,190,37.8,325,45.4,262,45.9,112,67.3,241,69.9,204,22.2,342,31.6,121,49.3,271,51.8,131,9.7,147,5.7,4
Binghamton,41.8,341,51.4,281,33.6,238,31.4,69,26.5,314,30.3,105,23.200000000000003,322,16.8,318,28.6,335,35.9,271,41.3,337,49.8,259,65.2,296,63.4,3,34.2,143,40.6,336,41.8,345,61.5,333,7.2,266,6.3,5
Oklahoma,47.8,212,47.4,123,35.4,191,31.4,68,33.2,118,31.5,156,17.5,39,19.6,192,32.3,241,32.9,117,47.6,173,46.4,126,75.7,15,69.4,170,26.7,306,34.3,222,49.1,278,50.1,85,7.4,248,6.5,6
UNLV,48.9,147,44.1,19,36.7,151,29.599999999999998,44,33.300000000000004,115,27.1,24,20.200000000000003,188,18.5,256,32.6,233,31.6,64,48.9,102,42.6,19,70.4,142,69.1,152,34.7,131,31.7,123,64.1,15,50.6,90,14.6,10,6.6,7
Elon,49.2,131,46.800000000000004,97,29.2,323,36.5,187,26.400000000000002,316,30.099999999999998,97,17.4,38,19.1,218,34.0,162,36.8,301,48.0,157,43.2,32,71.3,111,69.5,179,38.8,48,30.1,73,54.4,152,48.4,48,8.7,187,6.6,8
Indiana St.,48.199999999999996,192,46.5,81,42.1,32,38.7,245,26.6,313,29.799999999999997,89,19.6,152,18.2,269,32.0,254,32.4,97,48.4,132,45.6,94,70.6,135,69.7,193,33.8,156,31.0,101,52.9,181,51.9,133,8.5,201,6.6,9
Nebraska Omaha,51.5,63,55.7,344,28.9,327,29.099999999999998,38,24.5,337,37.1,332,20.1,184,17.599999999999998,292,36.5,61,38.4,336,50.2,65,54.8,345,69.9,168,70.3,227,29.3,272,34.3,220,50.3,252,52.6,147,6.4,294,6.6,10
Illinois St.,51.800000000000004,53,48.4,161,34.4,220,34.0,125,29.5,241,31.4,152,18.7,101,21.0,109,34.7,124,33.4,149,51.7,32,47.3,163,72.3,79,70.2,219,36.4,76,35.8,272,56.3,97,54.4,186,11.9,59,6.7,11
Weber St.,56.00000000000001,4,44.4,22,39.6,78,33.6,118,29.599999999999998,238,25.3,6,18.7,100,16.6,320,40.6,3,28.9,6,53.7,10,44.7,70,73.0,61,72.2,307,32.4,189,23.4,1,51.7,213,41.8,4,10.2,122,6.7,12
Middle Tennessee,51.1,72,44.4,24,41.4,39,42.8,305,36.5,39,28.999999999999996,62,20.7,214,23.599999999999998,21,37.7,28,30.3,26,49.2,93,43.9,48,69.5,176,63.4,2,26.2,316,31.7,124,56.7,83,46.7,28,11.0,88,7.0,13
Southern Illinois,48.0,200,53.1,321,34.1,230,42.5,303,31.7,172,31.900000000000002,175,19.400000000000002,142,24.2,17,31.8,259,36.9,303,48.1,152,51.8,307,64.2,314,72.8,329,26.7,307,35.1,247,43.2,337,58.6,296,6.9,279,7.0,14
Eastern Michigan,43.8,328,46.5,83,30.5,302,37.6,214,33.900000000000006,96,37.2,333,23.1,321,22.8,38,33.0,211,29.7,13,41.5,336,48.0,197,67.0,253,65.3,13,29.1,279,43.6,346,51.2,231,72.3,347,16.5,4,7.1,15
Oregon,49.3,126,46.400000000000006,79,38.4,100,33.300000000000004,108,35.8,48,27.200000000000003,27,21.4,254,22.0,62,33.3,199,33.4,150,49.1,98,44.9,78,70.5,140,67.6,79,27.3,299,29.8,72,51.3,220,47.5,36,10.2,123,7.1,16
Maine,47.3,234,48.199999999999996,156,33.300000000000004,245,34.300000000000004,132,30.4,218,30.4,108,21.7,269,17.2,307,29.2,326,35.4,252,48.8,116,45.9,110,65.3,294,69.3,169,31.4,218,32.5,150,51.4,219,51.1,110,9.9,138,7.1,17
California,48.0,201,44.3,21,31.2,288,32.5,85,32.5,138,30.7,118,18.9,118,16.8,317,30.2,315,33.6,160,48.8,112,41.7,6,71.5,107,68.8,135,23.6,337,29.3,56,56.2,99,51.1,108,11.4,73,7.2,18
Washington,48.199999999999996,193,48.199999999999996,154,33.800000000000004,234,32.300000000000004,81,37.3,26,31.3,147,19.8,161,18.4,262,34.3,144,34.2,193,47.0,194,47.0,154,68.3,212,68.5,119,27.3,300,28.9,43,48.2,293,50.8,95,10.3,118,7.2,19
San Francisco,52.7,36,49.8,220,34.599999999999994,214,32.4,83,23.9,341,29.799999999999997,90,18.099999999999998,67,17.4,298,40.1,6,34.1,183,48.0,155,49.2,234,66.9,256,71.8,292,38.2,52,33.6,193,50.8,239,45.0,14,5.5,320,7.2,20
Oklahoma St.,48.8,151,44.5,28,40.5,56,35.099999999999994,151,31.3,185,30.8,126,18.2,71,21.7,75,31.6,269,32.4,98,49.5,86,42.4,14,74.6,26,68.7,127,31.3,221,34.3,219,48.9,280,46.4,23,12.8,37,7.3,21
Santa Clara,50.7,82,47.5,126,37.0,138,42.0,295,32.800000000000004,131,33.4,248,18.3,82,21.099999999999998,103,35.8,77,34.3,199,48.9,107,45.8,103,73.8,41,72.2,305,38.2,53,29.1,49,57.0,75,54.2,180,11.6,67,7.3,22
Bowling Green,46.6,258,48.0,147,25.8,343,34.2,130,30.4,217,31.6,159,19.900000000000002,168,20.0,172,30.6,305,34.3,200,46.8,203,46.5,132,71.9,95,68.7,129,28.5,289,30.6,89,51.3,221,53.4,165,11.3,75,7.3,23
Wisconsin,48.6,164,43.0,8,29.7,317,25.7,9,32.6,134,26.900000000000002,17,15.7,5,18.0,278,33.0,215,28.9,7,48.0,153,42.8,26,63.4,323,68.9,145,40.0,33,24.9,7,56.5,88,40.3,2,10.8,92,7.3,24
Little Rock,46.400000000000006,268,48.8,182,42.699999999999996,28,42.9,307,31.8,164,32.6,203,22.3,298,23.200000000000003,27,33.8,169,34.0,181,44.7,283,47.6,181,67.4,238,69.5,181,27.5,297,35.3,257,50.5,245,51.3,118,10.8,95,7.3,25
High Point,48.0,202,48.0,146,32.7,260,41.5,287,34.1,92,31.5,155,17.9,57,19.7,185,31.6,272,32.5,101,48.2,147,47.6,177,70.4,145,66.9,51,24.3,328,31.8,130,55.2,127,50.4,89,10.7,99,7.3,26
VMI,49.2,132,51.2,272,30.5,304,30.7,60,32.0,152,37.2,334,17.599999999999998,46,18.6,246,32.2,246,36.3,283,49.9,76,49.8,256,65.4,290,72.0,301,43.2,10,29.6,65,52.4,193,52.0,135,9.6,152,7.3,27
UCLA,49.1,136,47.5,127,33.1,251,24.6,4,30.7,204,34.0,263,15.8,7,19.900000000000002,174,33.3,202,32.4,95,48.9,104,46.9,145,72.4,76,66.5,37,24.1,331,30.8,94,58.2,57,52.2,139,8.4,204,7.3,28
UT Rio Grande Valley,47.4,232,49.5,208,39.4,84,35.9,171,27.0,305,35.8,316,20.8,231,22.0,60,34.9,116,34.8,221,44.9,278,48.6,212,63.6,320,67.0,55,33.3,161,25.9,11,53.9,161,50.9,98,4.9,332,7.3,29
Kansas,53.300000000000004,24,41.5,1,39.5,80,32.0,77,33.800000000000004,98,29.299999999999997,69,20.3,197,18.4,263,36.4,65,30.3,27,52.9,13,39.3,1,73.7,43,68.7,128,29.0,281,35.6,265,58.4,55,50.6,91,17.6,3,7.4,30
USC,47.199999999999996,238,46.9,105,30.0,314,37.6,215,29.2,250,29.5,76,19.5,144,17.599999999999998,290,34.2,150,34.5,212,45.7,249,44.7,73,69.3,187,69.2,157,26.6,309,31.5,119,51.8,210,53.3,163,13.1,29,7.4,31
Ohio St.,50.6,88,45.4,46,35.5,187,29.5,43,31.8,160,28.199999999999996,44,16.2,10,20.7,131,35.6,86,32.4,92,49.4,89,43.6,40,70.8,126,71.6,288,31.0,235,36.2,289,53.2,178,48.1,43,12.9,34,7.4,32
Central Connecticut,48.6,161,51.7,292,30.099999999999998,313,29.299999999999997,41,27.400000000000002,298,35.4,308,17.5,41,18.9,231,35.2,102,36.6,291,46.6,212,49.9,260,73.2,57,67.6,75,32.9,176,35.3,255,48.2,295,55.9,236,10.7,101,7.4,33
Prairie View A&M,41.3,342,46.9,108,32.6,263,43.7,316,38.6,12,33.4,245,21.6,266,21.099999999999998,106,26.0,346,31.3,57,42.0,330,46.9,150,61.6,337,65.7,22,24.1,330,36.0,284,44.8,330,54.5,193,8.7,191,7.4,34
Delaware,46.300000000000004,270,46.5,82,42.0,33,33.0,98,33.1,122,32.0,178,18.7,103,15.9,331,30.9,296,34.4,208,46.2,227,44.2,56,75.4,16,68.0,93,25.4,322,31.1,106,41.1,346,51.4,121,11.1,85,7.5,35
St. John's,44.5,315,45.6,57,28.9,326,28.9,32,30.5,213,35.099999999999994,300,16.7,17,20.200000000000003,153,27.1,343,33.1,128,45.6,254,43.6,41,64.0,317,69.2,159,22.2,341,33.2,182,49.1,277,55.8,235,18.4,2,7.6,36
Clemson,47.199999999999996,237,46.800000000000004,99,33.1,250,32.9,97,32.0,154,31.8,166,18.4,85,20.4,146,31.7,266,34.8,224,47.1,189,44.4,63,65.4,287,66.9,52,30.2,259,30.5,86,47.9,300,52.9,154,13.2,28,7.6,37
Western Illinois,51.6,59,45.800000000000004,61,39.800000000000004,74,28.299999999999997,25,24.7,335,27.400000000000002,32,19.400000000000002,138,19.400000000000002,205,38.7,15,34.2,192,48.9,106,43.2,31,64.9,299,68.7,134,29.2,277,32.2,141,55.9,106,51.9,132,12.5,44,7.6,38
Rutgers,48.699999999999996,156,47.9,140,32.4,266,39.800000000000004,265,35.8,49,34.4,277,21.3,253,19.6,195,35.7,82,32.2,82,47.0,193,47.7,183,69.9,163,70.2,221,24.9,326,35.8,274,52.2,199,59.4,314,10.6,105,7.6,39
Furman,45.800000000000004,287,52.6,314,35.3,199,29.2,39,28.4,278,33.5,252,22.7,306,17.2,309,32.6,234,38.6,337,44.0,306,50.3,271,69.3,188,71.8,291,35.9,89,30.6,88,51.2,225,57.6,276,9.4,159,7.6,40
Coastal Carolina,47.0,242,49.6,211,35.8,178,39.1,250,37.0,30,30.599999999999998,115,21.7,270,22.0,63,31.6,267,34.8,225,46.8,204,47.7,184,67.2,244,69.4,175,26.3,313,41.0,340,42.3,342,54.9,206,6.8,282,7.6,41
South Dakota,50.8,78,53.300000000000004,324,37.4,130,26.0,12,24.2,340,31.900000000000002,176,17.9,58,15.7,333,37.1,47,38.0,328,48.2,150,51.3,298,77.7,4,68.0,92,34.9,122,34.4,226,50.7,242,54.3,185,6.5,292,7.6,42
Campbell,48.199999999999996,195,51.6,288,30.8,298,39.2,254,32.7,132,34.599999999999994,289,20.1,183,20.200000000000003,156,31.2,285,33.5,156,48.7,118,52.2,311,70.1,157,69.4,173,22.8,340,31.7,125,53.3,174,57.0,266,8.2,220,7.7,43
Robert Morris,51.0,75,50.6,250,37.0,140,46.0,331,31.0,196,32.5,196,19.2,131,24.6,14,38.1,20,33.2,129,46.7,208,51.1,292,74.9,23,68.6,123,41.2,27,34.4,223,59.5,45,53.5,168,8.1,222,7.7,44
Northern Iowa,51.1,71,48.8,180,33.2,248,25.1,6,24.6,336,26.5,13,19.0,123,19.7,187,36.4,64,34.1,184,48.6,123,47.7,182,76.0,11,71.9,294,41.5,25,34.3,216,54.7,143,45.3,15,6.8,280,7.7,45
Portland St.,49.7,110,53.900000000000006,330,31.900000000000002,273,33.300000000000004,111,31.1,190,32.800000000000004,215,18.2,72,17.2,306,37.2,39,36.9,302,47.6,174,53.4,332,74.0,38,71.4,277,25.5,321,29.0,48,52.0,201,55.3,221,6.0,309,7.7,46
South Dakota St.,53.300000000000004,25,51.2,270,33.0,255,24.4,3,28.9,264,26.1,10,16.400000000000002,12,17.1,310,38.9,13,35.8,262,50.4,56,49.8,255,77.3,5,68.6,122,36.3,77,35.1,245,55.0,138,50.9,97,5.9,313,7.7,47
Mount St. Mary's,50.5,92,55.7,345,31.900000000000002,274,38.2,233,28.599999999999998,272,33.900000000000006,260,18.3,83,23.9,18,33.8,168,39.1,340,50.3,60,54.8,344,69.7,171,66.7,45,44.7,4,24.1,2,50.0,258,51.5,123,5.3,325,7.7,48
IUPUI,50.5,90,55.900000000000006,346,24.2,347,31.6,72,22.1,346,33.7,255,18.8,109,16.900000000000002,315,36.1,70,39.2,343,48.6,125,54.5,341,67.6,231,75.4,345,34.3,142,31.8,127,52.2,197,54.2,182,5.3,326,7.7,49
Mississippi,49.1,137,46.400000000000006,80,38.800000000000004,93,31.1,64,34.1,90,31.8,164,15.9,9,21.5,81,32.4,238,31.3,56,49.4,88,46.2,121,67.8,222,66.4,36,33.0,170,36.3,292,46.1,317,54.6,198,13.7,20,7.8,50
Hawaii,50.2,99,49.0,189,36.0,171,32.7,89,35.3,57,29.5,73,20.7,215,17.4,301,33.7,176,36.6,292,50.1,67,45.6,92,70.1,154,70.2,220,31.1,231,36.7,302,54.5,150,57.6,274,9.9,139,7.8,51
New Orleans,44.9,305,54.0,332,38.800000000000004,95,41.5,286,27.400000000000002,300,36.6,330,24.4,339,21.2,100,27.1,342,38.1,330,46.1,232,52.7,325,65.8,280,67.2,60,21.4,344,29.5,64,50.4,246,57.3,272,6.7,286,7.8,52
Creighton,58.199999999999996,1,45.9,66,34.2,226,26.1,13,28.799999999999997,267,27.200000000000003,29,18.9,114,16.1,327,41.4,1,31.2,48,55.7,3,45.5,90,75.9,12,68.1,97,39.4,41,33.2,179,64.6,10,51.1,107,6.6,287,7.8,53
UNC Asheville,48.6,165,49.5,206,38.1,108,33.2,103,33.0,125,33.2,237,20.599999999999998,211,20.7,133,32.6,232,33.1,127,48.5,127,49.4,240,72.4,77,68.2,108,25.2,325,31.5,120,54.3,155,55.3,220,12.7,41,7.9,54
Stony Brook,49.6,115,44.1,18,37.7,115,26.700000000000003,15,31.900000000000002,157,27.400000000000002,30,18.3,79,20.5,141,35.4,92,31.2,50,48.1,151,42.4,15,70.5,138,66.7,43,30.6,244,39.5,330,51.6,218,54.3,184,11.6,68,7.9,55
College of Charleston,50.2,100,45.0,35,38.5,97,26.900000000000002,16,33.300000000000004,114,27.200000000000003,28,20.599999999999998,209,15.5,340,34.5,140,30.0,20,49.4,87,45.0,79,69.1,192,71.9,296,33.2,166,29.2,53,48.8,283,42.9,7,10.4,111,7.9,56
UC Irvine,48.0,199,44.2,20,30.2,310,37.9,226,30.4,220,31.2,144,18.6,97,16.3,323,32.8,222,32.3,86,47.4,177,42.5,17,67.3,240,70.2,223,35.1,114,29.0,45,61.4,28,52.9,151,9.7,149,7.9,57
Florida,55.2,6,43.3,9,31.0,294,29.9,49,34.2,88,28.4,51,17.8,52,22.5,44,37.8,27,31.0,42,54.3,8,41.8,7,67.7,224,65.1,10,39.5,40,32.8,159,56.3,96,50.9,96,9.4,158,7.9,58
Saint Mary's,53.7,20,47.099999999999994,111,37.0,137,36.9,199,36.9,33,25.0,4,18.3,78,17.9,283,37.3,35,36.7,295,52.3,21,44.0,50,73.0,60,72.2,306,37.5,58,28.7,40,55.1,131,48.8,54,7.6,238,7.9,59
Utah Valley,49.6,116,50.5,244,30.5,303,27.400000000000002,19,25.7,329,30.099999999999998,98,18.9,116,17.299999999999997,304,32.1,251,34.4,207,50.3,59,50.0,262,71.4,110,70.7,249,31.8,210,32.8,164,58.1,60,48.3,46,7.2,262,7.9,60
Pepperdine,48.6,160,48.1,151,34.300000000000004,222,33.2,105,32.4,143,33.300000000000004,244,23.0,318,17.9,285,35.3,97,35.4,244,46.8,206,45.5,91,70.4,144,72.1,303,29.3,276,34.2,215,53.8,166,57.7,277,5.9,315,7.9,61
The Citadel,50.5,91,55.00000000000001,339,37.8,114,28.799999999999997,29,30.9,197,36.199999999999996,327,23.9,335,18.0,281,35.9,73,38.2,331,48.9,110,53.6,335,70.2,153,71.5,280,32.2,195,37.0,305,65.0,8,51.6,124,5.4,323,7.9,62
Syracuse,49.0,142,42.6,5,36.8,146,35.4,156,38.800000000000004,8,34.5,284,18.9,121,23.599999999999998,20,33.4,192,28.4,3,48.5,126,42.6,20,67.5,233,67.3,62,30.4,253,40.3,333,55.9,110,67.8,345,19.1,1,8.0,63
Morgan St.,48.3,183,45.300000000000004,45,39.2,87,38.2,231,38.0,18,35.6,311,22.3,299,21.8,72,29.2,325,30.6,37,49.8,78,45.1,81,58.9,344,67.3,64,25.2,324,30.7,90,50.9,237,49.0,59,13.6,21,8.0,64
Marshall,48.1,198,49.8,224,45.0,14,38.4,238,37.6,23,36.1,324,22.900000000000002,314,19.2,216,30.9,294,37.1,307,49.1,99,47.3,164,59.4,341,66.8,48,36.5,70,29.4,57,58.9,51,56.7,258,10.7,102,8.0,65
Portland,44.0,324,49.6,214,36.1,167,35.8,168,33.7,101,31.0,132,23.3,326,17.9,286,31.0,293,35.7,260,43.2,319,47.7,186,67.1,249,70.3,228,26.1,319,32.5,153,54.5,149,54.8,201,10.2,127,8.0,66
Ohio,53.6,21,47.5,125,31.3,285,45.9,330,27.400000000000002,301,34.4,282,18.5,93,25.5,7,35.1,105,33.1,124,54.3,9,46.5,129,69.9,161,66.7,44,40.0,32,29.8,70,66.8,3,54.9,202,9.8,142,8.0,67
Temple,49.0,141,49.0,190,35.6,184,34.1,128,30.8,203,31.4,151,15.9,8,20.1,164,32.8,220,35.3,242,48.8,115,47.3,165,72.3,80,72.4,317,37.3,60,29.5,60,58.4,54,51.6,126,9.5,155,8.0,68
Montana,52.900000000000006,31,48.6,165,40.6,54,35.9,170,25.1,333,30.5,114,19.1,127,18.3,267,36.4,66,33.3,140,52.0,27,48.0,192,76.5,7,70.4,230,36.2,80,30.2,76,52.5,190,48.9,55,8.2,217,8.0,69
IPFW,49.5,122,52.0,301,38.4,104,37.8,220,31.4,182,26.6,14,20.3,192,19.7,189,35.4,94,34.1,185,47.5,175,52.3,315,63.1,327,69.8,200,35.5,106,32.2,139,53.8,164,48.2,45,7.3,252,8.0,70
Memphis,52.400000000000006,41,45.5,51,37.2,134,34.9,145,35.6,52,31.1,138,20.7,220,22.1,56,37.2,37,33.0,118,51.1,42,43.8,45,66.0,277,67.7,85,28.6,287,30.4,84,62.0,22,50.1,81,16.3,5,8.1,71
Louisville,50.6,83,44.800000000000004,32,40.0,67,34.9,144,38.2,17,33.300000000000004,243,18.3,81,27.0,2,33.3,197,31.8,69,50.8,48,43.4,36,70.9,121,65.8,23,30.0,263,33.3,185,55.7,119,49.7,72,12.1,54,8.1,72
Houston,51.300000000000004,69,48.699999999999996,173,39.4,83,33.7,119,33.4,111,31.4,150,18.3,80,17.9,284,35.9,74,31.8,68,50.3,58,49.2,232,71.9,99,68.1,100,28.3,292,33.1,178,54.6,148,54.1,179,9.3,161,8.1,73
Duke,53.900000000000006,17,45.5,50,39.2,88,32.7,88,28.799999999999997,268,32.300000000000004,187,15.6,4,20.4,144,39.9,7,29.0,9,50.8,47,46.2,120,73.9,39,72.4,316,33.3,162,26.9,23,53.6,167,40.0,1,9.0,171,8.1,74
Gardner Webb,46.800000000000004,251,48.3,160,34.5,218,34.8,142,35.699999999999996,50,31.1,137,20.9,235,23.3,25,32.5,235,33.0,120,45.9,239,47.8,190,71.4,109,65.7,19,31.4,217,32.0,132,53.9,162,51.3,116,7.1,268,8.1,75
Colorado St.,49.2,133,48.6,166,44.1,19,36.4,181,41.4,2,23.200000000000003,1,17.2,29,16.5,321,34.1,156,34.1,186,48.4,133,47.1,158,71.1,115,69.6,187,27.3,301,37.0,307,50.4,250,44.3,11,5.8,316,8.1,76
Pacific,50.5,89,50.0,231,37.7,117,39.300000000000004,258,29.2,251,30.8,127,17.8,53,20.0,169,38.9,12,35.4,243,46.8,205,48.0,193,69.4,184,71.5,282,32.3,192,38.4,321,61.5,27,55.4,222,3.8,344,8.1,77
New Mexico St.,49.3,128,45.4,47,47.0,3,30.7,58,36.9,32,29.799999999999997,86,21.9,276,18.6,250,31.8,262,33.9,174,49.8,79,43.2,30,65.7,281,71.1,266,23.8,335,29.6,69,48.3,291,47.3,34,14.2,14,8.2,78
Austin Peay,51.7,56,52.0,300,37.4,129,29.299999999999997,40,28.9,265,35.3,306,23.200000000000003,324,18.099999999999998,277,38.1,22,34.9,227,48.8,114,51.8,305,66.4,270,71.8,293,34.3,140,32.6,156,57.7,67,56.6,253,12.1,56,8.2,79
San Diego St.,48.5,169,44.7,31,35.3,195,28.9,30,31.8,159,27.900000000000002,40,18.099999999999998,66,18.2,268,32.7,229,31.8,71,48.3,138,43.3,35,69.1,191,68.0,95,32.4,185,32.4,147,50.3,251,56.8,262,11.5,71,8.2,80
Utah St.,52.0,48,47.8,134,40.5,57,30.7,59,37.4,24,27.0,19,20.9,234,15.0,344,35.3,99,33.8,166,51.6,34,46.0,113,72.0,90,65.9,25,31.3,220,38.0,315,60.4,37,60.7,326,11.5,72,8.2,81
McNeese St.,44.9,306,48.8,184,30.3,307,35.8,169,31.8,162,37.8,341,17.9,61,19.0,227,31.9,258,32.8,112,43.9,307,48.6,213,64.8,303,69.7,195,26.3,314,29.0,47,48.5,287,56.9,264,11.1,86,8.2,82
Baylor,51.6,58,45.7,59,36.3,162,33.300000000000004,109,33.5,107,32.800000000000004,211,17.2,34,18.7,242,34.9,118,32.2,83,51.1,41,44.7,71,69.7,169,69.1,153,33.6,160,29.5,62,57.9,62,52.9,153,10.9,89,8.2,83
Texas A&M Corpus Chris,45.4,298,51.0,262,32.2,269,47.4,338,29.799999999999997,236,34.599999999999994,290,18.8,110,19.1,220,30.5,308,36.2,280,45.2,269,49.3,237,67.7,227,70.0,213,29.5,270,34.2,214,49.5,267,58.8,301,10.7,103,8.2,84
North Carolina St.,54.2,15,46.800000000000004,94,40.9,47,28.999999999999996,33,34.699999999999996,72,32.6,199,18.0,63,16.6,319,39.1,11,30.2,23,52.8,16,47.5,169,68.1,214,72.6,325,23.7,336,32.3,145,51.9,206,45.6,16,10.1,128,8.2,85
Arkansas Pine Bluff,44.7,308,46.9,107,33.0,253,37.7,219,31.5,177,35.6,313,20.9,238,23.5,22,30.2,314,31.7,67,44.4,295,46.4,127,63.1,326,68.3,112,30.8,241,40.7,338,55.9,111,65.4,343,10.0,137,8.2,86
UTEP,50.6,85,46.6,85,42.6,30,34.8,139,28.000000000000004,290,33.0,228,19.7,158,19.7,188,35.1,107,34.0,180,49.6,83,44.9,77,67.7,225,67.3,61,32.1,196,28.8,42,60.6,34,53.2,160,9.8,141,8.2,87
Seattle,47.099999999999994,240,46.7,91,28.799999999999997,328,42.699999999999996,304,36.7,34,29.9,91,25.5,343,19.8,184,32.2,244,32.1,81,46.5,216,45.9,111,62.9,328,68.0,96,31.8,206,35.7,269,56.8,81,51.2,112,8.3,212,8.2,88
Fairleigh Dickinson,48.9,145,52.6,312,35.199999999999996,203,35.699999999999996,165,26.200000000000003,321,38.5,344,22.5,302,17.5,297,35.0,114,36.3,282,47.2,184,51.7,304,67.1,250,69.4,176,32.4,186,32.3,144,55.8,116,58.8,298,7.9,231,8.2,89
Colgate,48.0,203,49.1,194,27.6,339,33.0,102,26.200000000000003,319,27.0,22,19.8,159,15.2,341,34.2,153,35.5,253,46.1,231,46.9,148,70.7,130,69.8,198,36.6,69,34.4,224,56.2,100,53.9,177,7.5,243,8.2,90
UMBC,46.6,260,51.2,275,30.099999999999998,312,44.0,318,28.7,271,32.9,221,21.3,252,20.200000000000003,160,33.9,164,30.9,41,44.2,299,53.8,338,62.7,333,69.5,183,35.1,113,35.4,258,51.2,230,56.6,255,6.4,296,8.2,91
Saint Joseph's,50.6,87,46.1,72,36.199999999999996,165,23.799999999999997,2,31.7,166,33.2,238,18.7,106,16.2,325,34.2,152,31.4,58,50.0,68,45.6,93,69.6,174,69.6,189,39.3,42,32.7,158,60.3,39,56.0,238,14.5,12,8.3,92
Akron,51.0,77,44.6,30,36.9,142,35.0,149,37.6,22,30.5,109,20.8,226,20.200000000000003,159,32.7,226,32.8,110,52.1,24,42.7,21,64.1,315,71.5,285,36.5,73,29.4,58,57.7,66,50.1,82,14.3,13,8.3,93
Wichita St.,50.0,106,45.300000000000004,44,36.5,155,38.3,236,38.0,19,26.5,12,19.400000000000002,137,20.0,171,33.9,165,32.2,84,49.6,82,43.6,39,69.9,160,71.4,278,35.3,110,36.6,299,55.6,120,51.4,120,13.8,16,8.3,94
Youngstown St.,49.1,140,48.6,167,36.0,170,35.6,162,26.6,312,31.5,157,17.0,26,18.099999999999998,271,35.9,72,35.6,257,46.5,219,46.5,133,68.9,200,70.5,236,35.7,102,29.6,66,56.6,86,50.3,88,12.7,39,8.3,95
Miami FL,51.9,51,45.7,58,34.599999999999994,212,28.299999999999997,26,31.3,183,28.4,52,16.7,16,18.4,260,36.2,68,32.6,104,50.6,52,44.0,52,68.4,211,64.9,7,35.6,103,34.9,240,45.6,324,48.9,56,12.3,50,8.3,96
Stanford,47.5,228,46.800000000000004,98,33.4,242,33.7,121,32.1,149,28.499999999999996,54,17.299999999999997,35,19.2,213,35.9,71,33.3,141,44.3,298,45.7,100,74.3,34,72.6,321,33.0,173,25.5,8,49.6,263,45.7,17,9.6,151,8.3,97
Missouri,51.2,70,46.1,71,35.0,207,29.7,45,38.7,10,28.599999999999998,56,18.9,115,17.599999999999998,287,33.9,166,33.2,134,51.4,39,44.1,54,74.4,30,68.6,124,31.5,213,34.9,241,51.2,229,46.3,22,9.1,165,8.3,98
Michigan,54.6,11,48.0,143,28.4,330,22.7,1,32.5,137,29.4,71,14.6,1,18.7,241,37.9,25,32.6,103,53.4,11,47.6,175,70.3,148,68.5,118,34.2,144,33.6,195,51.8,211,52.8,150,7.3,254,8.3,99
Bradley,48.3,189,51.0,260,29.9,315,35.3,155,30.3,223,31.7,161,17.8,55,21.7,74,31.9,257,35.4,249,48.5,128,49.7,252,72.3,81,73.8,337,28.9,284,37.1,309,50.1,256,57.2,270,7.1,270,8.3,100
BYU,50.2,98,48.1,149,36.0,169,37.6,210,32.800000000000004,130,27.700000000000003,36,17.0,23,19.3,209,33.5,186,33.3,145,50.2,63,47.1,156,73.0,63,67.6,76,28.6,286,35.0,244,57.0,79,57.8,280,6.5,293,8.3,101
Green Bay,47.9,210,47.699999999999996,132,40.2,66,33.900000000000006,123,32.800000000000004,129,26.700000000000003,16,20.8,224,18.0,280,33.0,216,34.0,182,47.3,181,45.8,105,74.8,24,73.6,335,27.5,298,35.6,266,57.7,68,55.0,207,13.8,17,8.4,102
Rider,49.1,135,45.5,53,39.4,82,38.3,235,30.599999999999998,210,31.8,167,23.3,327,20.9,124,34.5,133,28.8,4,47.7,168,46.6,136,67.8,223,70.6,244,34.6,135,33.6,194,46.0,320,52.3,142,12.2,52,8.4,103
Florida Gulf Coast,51.6,62,46.9,101,35.199999999999996,201,32.7,91,32.5,139,32.800000000000004,212,21.0,240,22.1,57,33.4,193,31.3,54,52.3,19,46.9,142,66.9,255,69.3,167,34.4,137,37.8,313,53.2,179,56.5,250,10.5,109,8.4,104
Wyoming,49.5,119,48.199999999999996,153,39.800000000000004,75,33.0,99,23.7,342,31.4,154,18.7,102,21.4,88,31.8,260,32.3,87,50.8,49,48.2,200,67.2,245,72.0,300,42.0,19,30.2,75,56.7,82,48.0,40,9.1,166,8.4,105
Murray St.,52.400000000000006,42,48.1,148,39.0,89,33.5,115,32.5,140,31.8,165,20.5,207,20.200000000000003,158,35.1,106,33.5,154,52.2,23,47.0,151,69.0,197,72.9,331,41.8,21,32.1,133,51.0,235,53.4,166,8.7,190,8.4,106
St. Francis NY,48.4,175,50.8,257,31.6,279,37.8,223,34.300000000000004,87,33.900000000000006,258,18.2,74,19.8,177,32.8,221,33.2,136,48.0,154,51.3,299,66.5,267,70.5,237,35.1,115,31.0,99,50.7,241,54.5,192,6.0,307,8.4,107
Boise St.,51.800000000000004,52,51.4,278,33.7,237,42.199999999999996,297,30.3,226,24.4,3,18.4,84,20.0,170,38.7,14,34.8,220,48.4,135,51.0,286,74.6,27,71.0,260,35.1,117,37.3,311,50.1,257,56.4,247,5.2,327,8.4,108
Wagner,47.5,225,46.9,104,40.300000000000004,64,41.8,293,35.0,65,30.5,110,21.9,277,22.0,64,31.7,264,35.0,234,47.5,176,44.0,53,70.5,139,70.0,209,24.1,332,33.8,198,50.4,247,52.3,141,14.6,11,8.5,109
James Madison,47.599999999999994,222,48.699999999999996,174,36.8,149,39.2,252,29.599999999999998,239,31.1,140,17.2,32,21.099999999999998,102,33.6,180,34.7,219,46.2,228,46.9,147,69.9,162,69.5,180,32.4,187,34.1,207,51.7,216,57.0,267,13.5,23,8.5,110
UC Santa Barbara,48.8,149,49.1,193,30.099999999999998,311,38.2,234,31.0,194,32.2,185,22.400000000000002,300,18.099999999999998,275,34.2,149,37.3,311,46.9,200,45.3,86,69.4,182,71.0,262,42.3,17,35.6,264,64.9,9,59.4,312,12.5,46,8.5,111
New Mexico,48.4,178,45.9,68,45.7,9,25.7,8,29.299999999999997,245,27.6,34,17.599999999999998,42,19.5,197,35.1,108,34.6,216,46.1,230,42.0,9,72.1,87,67.4,65,34.7,129,39.1,328,65.8,5,57.9,283,11.3,77,8.5,112
Oregon St.,49.7,111,48.5,163,37.0,139,30.099999999999998,51,34.4,80,32.4,188,19.6,153,17.599999999999998,291,36.4,67,34.4,202,47.8,166,47.1,159,67.0,252,69.0,147,27.5,296,31.4,117,55.1,133,52.6,145,11.2,81,8.5,113
Long Beach St.,50.1,103,50.9,259,36.3,164,32.1,78,32.1,148,36.1,325,20.8,232,19.5,200,34.0,161,38.2,332,49.7,81,47.5,170,66.3,272,67.2,59,35.8,91,35.1,246,49.6,265,61.0,329,9.1,170,8.5,114
Alabama St.,45.1,301,49.4,204,32.2,268,38.0,229,33.4,112,34.5,285,22.0,283,19.5,203,30.6,306,35.2,240,44.8,281,47.6,180,59.4,342,66.8,49,30.5,248,34.1,210,50.5,244,55.4,224,8.6,195,8.5,115
Valparaiso,55.7,5,46.2,73,41.699999999999996,36,36.8,195,31.2,188,28.199999999999996,47,21.8,273,19.5,202,37.1,44,33.8,165,55.7,4,44.5,64,73.5,49,72.6,322,40.0,34,26.2,16,57.1,74,49.7,71,8.5,200,8.5,116
Arkansas St.,45.7,293,46.7,93,44.2,18,35.699999999999996,164,33.5,108,30.3,102,18.9,117,23.1,29,30.7,302,33.5,157,45.6,255,45.0,80,68.6,207,68.3,110,36.4,75,31.1,105,45.9,321,47.8,38,8.0,225,8.5,117
Iowa St.,53.800000000000004,19,48.0,144,33.0,254,32.7,93,34.2,89,28.499999999999996,53,18.5,88,18.6,247,37.4,34,31.1,45,51.9,29,48.8,220,73.1,59,72.3,312,43.8,8,33.3,183,58.2,59,53.8,173,7.0,274,8.5,118
Longwood,48.3,190,54.400000000000006,336,30.5,305,34.699999999999996,137,28.799999999999997,269,34.599999999999994,291,22.7,307,18.4,266,32.1,250,38.3,335,48.3,145,53.1,327,71.3,113,73.2,333,28.1,293,29.4,59,54.6,147,56.3,244,6.4,295,8.5,119
Florida St.,49.9,108,49.7,215,40.400000000000006,61,34.8,140,30.9,199,36.6,329,22.0,285,20.599999999999998,138,34.8,120,36.8,299,48.9,109,47.1,157,73.5,50,69.2,156,32.0,202,32.4,148,49.4,270,53.7,172,13.5,22,8.6,120
Denver,56.2,3,47.3,114,31.2,290,41.0,280,22.7,345,34.1,268,18.6,98,26.200000000000003,3,37.5,31,33.1,122,56.1,2,46.5,128,71.9,93,72.3,313,43.6,9,24.5,5,69.8,2,44.3,10,13.3,26,8.6,121
Tennessee St.,48.9,148,49.8,222,40.0,70,39.5,260,34.699999999999996,74,32.6,200,21.9,278,19.900000000000002,176,33.4,196,33.2,135,48.3,142,49.8,257,74.7,25,69.4,171,33.7,157,34.5,230,54.2,159,55.8,232,11.8,63,8.6,122
North Texas,44.4,316,47.8,139,41.5,38,34.300000000000004,131,33.6,105,32.800000000000004,210,20.7,222,18.5,257,28.6,334,35.7,261,44.9,279,45.3,89,70.7,129,68.8,136,21.9,343,30.5,87,43.0,338,48.0,41,11.5,69,8.6,123
Southern,49.1,139,41.9,2,40.300000000000004,62,34.9,143,26.200000000000003,320,31.1,141,16.8,19,20.200000000000003,154,36.7,54,30.0,19,46.0,235,40.5,2,68.7,204,67.2,58,34.9,121,30.3,79,47.7,304,42.3,5,10.8,93,8.6,124
Virginia Tech,47.5,227,50.1,234,36.8,150,38.1,230,30.7,207,33.2,240,17.5,40,15.5,338,31.4,277,34.8,226,47.7,169,48.8,221,70.9,125,66.9,50,31.2,225,37.0,306,41.1,347,54.2,183,10.4,113,8.6,125
Gonzaga,54.900000000000006,8,44.9,33,40.8,49,29.9,48,37.8,21,29.799999999999997,85,17.2,31,20.8,125,36.5,58,32.9,114,55.0,6,42.1,10,71.0,117,67.9,89,31.5,212,38.8,326,54.7,146,47.7,37,8.0,224,8.6,126
North Carolina,49.3,127,48.0,145,28.199999999999996,333,27.1,18,34.599999999999994,76,31.6,158,17.2,33,21.5,83,37.2,38,34.4,201,46.3,225,46.3,124,67.7,226,70.2,222,30.9,238,32.4,149,60.2,41,47.4,35,7.9,229,8.6,127
Loyola Marymount,44.6,310,51.4,280,34.0,231,40.400000000000006,274,32.7,133,32.4,189,20.1,181,20.9,120,32.6,231,37.5,318,42.6,323,48.7,219,71.7,105,67.8,87,32.1,197,35.2,253,46.6,313,57.7,279,6.8,283,8.6,128
UNC Greensboro,47.0,243,50.2,238,33.7,236,51.9,344,29.2,255,28.1,43,17.8,51,19.2,214,33.8,170,36.2,279,45.0,274,48.2,201,67.5,234,74.0,339,34.8,127,33.0,173,46.8,311,49.9,79,4.2,340,8.6,129
Texas,45.7,289,42.9,6,40.400000000000006,59,41.9,294,34.599999999999994,77,33.800000000000004,257,21.4,257,19.1,221,30.1,316,28.9,8,46.0,234,42.8,27,66.3,271,69.1,155,30.6,246,31.3,114,50.8,238,55.0,208,12.2,53,8.7,130
Appalachian St.,49.6,114,51.4,279,37.9,112,35.199999999999996,153,30.3,222,30.3,103,19.400000000000002,140,18.8,239,36.5,59,32.7,107,47.2,183,52.5,319,69.4,186,69.6,190,31.3,222,30.3,80,45.5,325,50.9,101,9.1,168,8.7,131
VCU,51.300000000000004,66,49.9,226,29.799999999999997,316,40.300000000000004,273,36.6,36,34.699999999999996,292,16.900000000000002,22,28.499999999999996,1,35.1,104,32.9,116,50.5,54,50.1,268,70.1,156,68.3,109,35.7,99,32.9,168,51.6,217,51.0,104,8.9,178,8.7,132
Lafayette,52.7,35,52.300000000000004,308,28.199999999999996,334,31.5,70,25.1,332,32.6,206,18.7,105,20.599999999999998,134,38.4,19,36.4,285,49.6,84,51.2,294,75.4,18,68.1,98,39.0,44,32.3,142,58.2,58,52.9,152,8.5,202,8.7,133
Ball St.,48.3,188,50.8,258,46.6,5,36.199999999999996,176,35.9,46,29.5,72,23.1,319,19.7,190,32.7,227,34.9,231,47.9,160,50.0,263,65.2,297,70.9,258,35.1,116,35.2,250,54.3,157,58.8,299,6.8,284,8.7,134
Georgia Southern,45.9,282,49.7,218,35.4,192,37.0,201,30.9,201,34.4,280,20.1,182,20.5,142,33.1,210,31.8,70,44.2,300,50.8,282,69.3,189,69.9,203,31.5,214,34.4,227,43.9,335,51.1,111,6.3,299,8.7,135
Montana St.,47.8,213,55.50000000000001,342,37.3,133,39.6,262,29.2,252,30.099999999999998,95,17.0,25,21.099999999999998,101,33.3,200,39.1,341,46.5,220,53.7,337,72.3,82,72.9,330,35.6,105,36.3,291,47.0,310,54.9,205,4.9,333,8.7,136
Cincinnati,46.2,274,43.3,10,35.5,185,32.7,90,38.7,11,29.799999999999997,84,19.400000000000002,139,20.3,152,31.6,271,30.4,32,45.5,258,42.3,12,64.7,306,66.5,38,37.1,62,30.4,81,52.5,191,53.8,174,16.1,6,8.8,137
Massachusetts,49.5,123,47.4,121,35.8,176,35.0,150,32.4,144,32.6,202,20.3,198,18.9,232,33.6,181,32.4,94,48.9,103,46.9,144,71.9,96,71.1,264,36.2,82,32.6,155,57.5,70,55.2,214,12.9,36,8.8,138
Louisiana Tech,46.5,265,45.1,37,35.5,186,36.199999999999996,177,33.800000000000004,99,33.6,253,17.7,48,24.6,13,31.9,256,29.6,11,45.7,245,45.3,87,69.6,173,66.8,47,37.3,59,27.9,32,52.3,195,45.9,19,12.4,47,8.8,139
Western Carolina,47.599999999999994,221,49.9,228,30.9,296,47.099999999999994,337,34.599999999999994,78,35.099999999999994,299,18.9,122,20.4,147,34.0,159,32.5,100,46.0,236,50.5,276,71.0,120,71.3,275,31.4,219,32.5,151,45.3,326,49.4,65,8.2,218,8.8,140
Davidson,53.1,26,45.300000000000004,41,38.9,92,36.4,182,28.999999999999996,260,28.499999999999996,55,17.0,24,18.8,235,36.6,57,32.1,79,52.0,26,44.3,57,79.6,1,72.3,310,38.5,50,26.2,17,56.1,102,41.2,3,7.1,267,8.8,141
Northern Colorado,51.300000000000004,67,53.0,319,33.2,249,33.4,112,31.4,181,29.7,82,20.200000000000003,189,19.0,229,37.1,45,35.6,256,49.2,96,52.7,323,67.6,230,69.8,199,32.9,178,36.8,304,49.6,266,55.2,216,6.6,288,8.8,142
Virginia,51.6,60,44.1,17,31.6,278,31.8,75,28.299999999999997,283,27.900000000000002,41,18.2,70,20.9,116,38.5,17,31.2,49,48.9,101,42.7,23,70.6,133,70.0,208,30.9,237,34.1,208,60.0,42,47.0,31,13.3,27,8.9,143
Michigan St.,50.6,86,44.5,27,36.6,154,32.4,82,36.1,41,27.6,33,20.8,225,19.2,215,34.1,154,30.1,22,50.4,55,44.3,58,70.8,127,67.0,53,27.2,302,34.3,221,53.4,172,51.0,103,11.1,84,8.9,144
Howard,39.2,347,47.3,119,34.1,228,37.0,203,35.099999999999994,62,34.300000000000004,272,23.9,334,22.900000000000002,34,24.9,347,33.3,148,39.9,343,45.8,108,65.3,293,67.5,73,26.2,317,35.5,263,48.4,290,53.6,171,10.1,130,8.9,145
Lehigh,53.0,29,47.599999999999994,130,36.4,160,28.599999999999998,28,26.900000000000002,308,34.0,264,16.400000000000002,14,20.4,145,39.4,9,29.8,17,49.8,77,49.2,233,73.9,40,69.1,149,34.7,130,35.9,278,56.4,94,60.2,322,8.6,196,8.9,146
Idaho,52.7,34,51.7,291,37.6,121,30.8,61,33.1,121,29.2,67,21.2,248,14.2,346,36.8,52,36.0,272,51.4,40,50.5,275,74.0,36,68.5,117,34.0,149,34.7,237,54.9,139,46.9,30,7.6,237,8.9,147
Cal St. Fullerton,53.6,22,54.1,333,35.5,189,36.6,188,25.0,334,37.2,335,18.099999999999998,69,22.8,35,37.7,29,35.1,235,51.8,31,54.8,343,76.7,6,69.6,184,39.0,45,32.1,134,55.5,122,58.6,293,4.2,341,8.9,148
Kentucky,52.6,37,43.9,14,41.699999999999996,35,30.2,52,34.699999999999996,73,31.2,142,19.400000000000002,141,17.599999999999998,289,34.6,132,32.4,93,52.9,15,42.0,8,64.2,313,71.9,297,29.3,275,28.4,37,51.1,232,47.2,33,15.6,8,9.0,149
UCF,51.5,64,48.699999999999996,172,41.0,44,25.900000000000002,11,34.300000000000004,83,32.800000000000004,209,20.7,221,18.7,245,34.5,137,31.3,53,51.4,38,49.5,242,64.9,301,67.3,63,35.7,98,32.9,167,54.7,142,56.8,261,10.9,90,9.0,150
Kansas St.,49.1,138,47.5,128,31.7,275,36.8,198,38.5,13,33.800000000000004,256,18.2,73,22.2,52,35.8,75,33.3,142,46.8,201,46.5,131,68.5,210,68.7,131,32.9,177,29.1,51,64.4,11,51.6,125,10.3,119,9.0,151
Oral Roberts,49.9,107,49.3,200,38.0,110,27.500000000000004,20,35.9,44,31.4,149,20.5,206,18.7,244,34.5,136,35.4,245,49.3,92,47.8,189,73.6,48,66.2,29,23.9,334,28.5,38,49.1,274,53.8,175,9.2,163,9.0,152
Central Arkansas,47.9,205,50.7,253,29.599999999999998,321,40.8,278,33.4,113,36.6,328,19.8,167,19.400000000000002,206,34.2,147,35.7,259,46.4,223,49.6,250,63.9,318,65.0,9,31.0,234,27.2,27,47.9,299,56.1,241,8.8,185,9.0,153
George Mason,48.5,172,47.3,115,35.3,196,44.5,320,34.699999999999996,75,33.4,246,20.3,199,21.8,71,34.6,128,33.3,144,47.1,187,45.8,106,72.5,72,70.2,218,27.8,295,35.9,279,51.3,224,53.5,170,8.1,223,9.0,154
Alabama A&M,43.8,326,49.8,225,36.9,145,36.0,173,31.8,163,31.900000000000002,174,21.0,239,17.4,302,28.9,329,34.9,232,43.9,308,48.8,224,62.8,329,65.9,26,30.0,264,26.6,20,51.9,203,49.9,77,8.0,226,9.0,155
Cal St. Northridge,46.6,256,54.7,338,38.5,99,39.800000000000004,264,35.9,47,31.0,131,19.1,128,22.2,53,33.0,213,37.7,323,45.7,253,53.6,336,73.3,53,69.6,185,26.1,318,35.9,281,57.0,80,57.0,265,7.9,230,9.0,156
New Hampshire,43.9,325,45.800000000000004,65,34.699999999999996,211,36.3,180,28.1,289,30.5,113,18.6,95,18.8,237,30.5,309,27.9,1,42.9,320,47.5,174,64.1,316,71.1,267,37.5,57,31.2,108,49.8,261,46.5,25,7.4,247,9.0,157
Boston College,51.0,76,51.1,264,39.7,77,29.099999999999998,36,28.1,288,30.7,119,17.7,47,17.9,282,35.3,96,37.5,316,49.7,80,48.7,215,71.2,114,69.8,197,38.9,46,32.3,143,53.9,163,48.7,53,6.9,276,9.0,158
Stetson,52.6,38,50.8,255,34.8,209,28.9,31,31.3,184,31.0,133,23.1,320,17.4,303,34.8,123,33.2,131,52.8,17,51.3,297,70.7,131,65.6,17,39.6,38,34.2,212,65.4,6,55.1,211,6.0,308,9.0,159
Minnesota,49.3,125,45.6,55,41.6,37,36.7,192,43.6,1,33.2,235,21.6,265,20.200000000000003,162,33.7,175,33.9,173,48.8,113,42.8,24,68.5,208,69.4,174,29.7,267,34.7,238,61.7,24,56.3,243,15.8,7,9.1,160
North Dakota St.,52.800000000000004,32,44.4,23,28.4,329,35.4,158,30.0,233,25.1,5,18.099999999999998,65,18.099999999999998,272,35.8,79,32.4,91,52.3,20,42.3,11,71.8,100,69.6,186,36.6,68,32.9,166,51.2,226,52.3,140,12.4,49,9.1,161
Evansville,48.5,171,50.7,251,31.1,293,34.4,135,29.299999999999997,247,29.299999999999997,70,16.900000000000002,21,21.5,82,36.7,53,35.2,238,46.0,237,49.7,253,74.1,35,68.9,143,27.8,294,33.3,187,64.1,16,54.8,200,8.6,194,9.1,162
Chicago St.,44.4,317,50.5,248,24.6,345,48.1,340,30.099999999999998,231,33.900000000000006,259,21.2,250,23.5,23,32.6,230,36.0,273,41.9,333,48.6,214,73.1,58,70.6,241,35.8,95,34.4,225,51.3,223,58.0,284,8.2,221,9.1,163
Princeton,53.900000000000006,18,48.199999999999996,152,34.599999999999994,213,37.6,212,30.599999999999998,209,28.599999999999998,57,20.3,195,20.8,129,41.0,2,34.2,191,49.9,75,47.0,153,72.0,91,72.1,302,34.0,150,27.4,29,62.9,20,46.5,24,7.7,235,9.1,164
TCU,43.3,332,49.7,219,40.6,55,34.1,127,32.0,155,32.800000000000004,213,21.9,279,20.1,168,30.8,298,34.2,198,42.3,327,49.0,229,60.4,340,68.6,126,24.4,327,27.9,33,50.7,240,54.5,191,7.2,264,9.1,165
Southern Utah,44.4,319,48.6,170,36.8,148,56.99999999999999,346,32.0,156,27.800000000000004,38,21.9,275,17.2,308,32.2,247,35.1,237,42.9,321,47.1,160,72.3,78,70.6,242,28.5,290,26.7,21,52.8,184,52.6,146,12.9,35,9.2,166
Brown,47.599999999999994,219,49.5,207,34.300000000000004,223,34.0,126,30.5,216,27.1,26,21.6,264,18.5,258,34.0,163,37.8,324,45.3,266,45.7,98,63.1,325,67.5,74,39.8,36,34.3,217,57.0,77,54.9,204,10.5,108,9.2,167
Tennessee Tech,46.9,247,51.2,274,38.2,105,45.800000000000004,328,35.3,58,34.599999999999994,288,24.2,337,21.5,87,30.8,297,34.1,189,47.3,182,51.2,296,70.4,147,70.0,210,35.7,101,35.2,249,51.0,236,54.4,188,10.0,133,9.2,168
Navy,44.1,323,49.6,213,27.900000000000002,338,38.4,239,25.8,327,34.0,265,18.5,92,21.6,77,32.1,248,31.9,73,42.2,328,50.7,278,62.0,336,67.4,68,33.0,171,40.7,337,58.1,61,61.7,334,7.4,251,9.2,169
Butler,50.7,81,46.7,87,38.4,101,36.1,175,35.9,45,26.3,11,20.200000000000003,186,17.4,300,34.3,145,33.2,132,50.2,62,45.3,83,69.6,172,70.5,235,35.8,94,30.4,82,53.5,170,48.3,47,6.7,285,9.2,170
Kennesaw St.,44.7,309,55.50000000000001,343,37.4,131,47.599999999999994,339,30.7,208,33.1,233,21.0,241,21.3,95,30.3,312,38.2,333,44.4,296,54.7,342,65.1,298,68.3,111,31.2,227,31.3,112,48.4,289,56.7,259,4.9,334,9.2,171
Arizona St.,52.300000000000004,43,46.400000000000006,78,35.9,174,26.6,14,28.299999999999997,281,30.0,94,18.5,89,18.099999999999998,273,34.6,131,33.7,163,52.5,18,44.5,65,64.9,300,74.1,340,36.8,66,32.1,135,55.1,134,52.1,136,14.8,9,9.3,172
SMU,47.9,204,47.4,122,40.699999999999996,52,39.5,259,34.8,70,32.6,198,22.900000000000002,313,21.4,90,34.6,129,34.4,204,46.9,198,44.3,59,74.4,31,70.1,216,20.0,345,42.3,343,51.9,209,61.2,331,13.8,18,9.3,173
Illinois,47.5,224,48.699999999999996,175,31.0,295,36.0,174,33.6,106,33.0,223,17.599999999999998,45,21.7,73,31.7,265,34.1,187,47.4,178,47.4,168,72.5,73,71.3,274,41.5,24,35.7,267,42.9,339,53.4,167,11.2,82,9.3,174
Arizona,52.5,39,46.6,84,37.4,128,32.9,96,35.0,63,26.700000000000003,15,19.5,143,19.8,180,37.1,42,35.8,263,50.6,53,43.4,37,74.9,22,71.1,263,37.5,56,30.9,95,54.1,160,49.2,62,10.2,124,9.3,175
Notre Dame,52.2,44,46.800000000000004,95,32.0,271,24.6,5,34.0,94,29.5,74,17.599999999999998,44,16.0,329,37.0,50,32.5,99,50.6,51,45.9,109,70.9,124,69.0,146,32.0,201,29.2,54,65.8,4,60.7,325,9.3,162,9.3,176
Sacred Heart,49.8,109,51.2,271,32.2,270,38.2,232,33.2,119,35.6,312,21.9,281,18.099999999999998,274,35.2,103,37.1,306,48.4,136,49.1,231,72.2,85,71.2,271,33.2,165,32.2,140,53.2,176,55.8,233,9.0,173,9.3,177
Wofford,44.2,321,47.599999999999994,131,27.900000000000002,337,38.3,237,25.900000000000002,325,27.0,23,20.3,193,22.2,54,30.7,303,30.6,36,43.2,317,48.4,208,73.2,56,70.3,225,34.8,125,32.1,136,55.4,124,48.6,52,6.8,281,9.3,178
SIU Edwardsville,47.699999999999996,216,51.6,290,32.800000000000004,259,36.9,200,28.499999999999996,277,32.0,181,21.7,271,21.099999999999998,107,36.4,62,33.0,119,44.6,289,52.6,322,65.4,291,67.8,88,30.8,240,31.0,103,56.0,105,55.3,218,5.7,318,9.3,179
Boston University,52.2,46,47.4,120,26.5,341,33.2,106,25.900000000000002,323,31.2,146,18.8,107,21.5,84,37.0,48,31.1,46,49.9,74,47.8,188,72.7,67,72.6,323,39.3,43,32.6,154,55.2,128,50.1,83,4.8,336,9.3,180
Pittsburgh,51.7,55,44.6,29,37.5,122,36.4,183,40.400000000000006,4,30.0,93,18.099999999999998,68,22.0,58,34.9,115,30.4,30,51.5,35,44.0,51,66.8,257,72.3,315,26.3,315,35.4,260,64.2,14,53.4,164,12.7,40,9.4,181
South Alabama,45.9,284,46.800000000000004,100,45.4,12,37.7,216,36.0,43,32.9,218,22.8,309,21.0,114,32.4,239,33.0,121,44.6,290,45.7,99,71.8,101,69.9,202,32.1,198,28.7,41,47.1,308,44.6,12,12.0,57,9.4,182
Marist,48.4,174,49.9,227,39.6,79,32.0,76,27.0,304,33.1,234,20.8,228,18.9,233,34.6,130,36.8,300,46.6,213,47.6,179,64.8,302,68.1,104,34.1,146,30.2,77,55.8,113,51.1,109,10.2,125,9.4,183
Charlotte,47.099999999999994,239,46.9,106,44.800000000000004,16,39.300000000000004,255,36.5,38,31.1,135,22.3,297,20.200000000000003,163,26.8,344,33.3,147,49.2,95,45.3,84,65.4,288,70.5,238,23.6,338,36.2,290,48.8,284,51.0,105,8.8,183,9.4,184
Xavier,50.1,101,46.7,89,41.4,40,33.300000000000004,107,34.300000000000004,84,28.999999999999996,63,20.4,201,18.6,248,35.0,112,32.1,80,49.2,94,45.8,102,66.7,259,68.5,121,25.3,323,38.5,324,48.2,297,53.0,156,8.4,206,9.4,185
UMKC,47.4,229,54.50000000000001,337,30.3,309,42.3,299,29.099999999999998,256,30.5,112,23.0,316,19.3,212,33.5,187,40.1,346,45.9,242,52.0,309,66.6,264,67.5,72,35.3,108,30.8,92,44.2,333,55.1,213,8.4,209,9.4,186
Troy,45.300000000000004,300,51.0,263,24.5,346,36.6,191,30.7,206,33.0,227,16.5,15,19.1,217,31.2,286,35.8,265,44.5,292,49.5,247,67.9,221,66.6,39,35.7,97,35.2,248,49.3,273,52.1,138,7.2,263,9.4,187
Arkansas,48.4,179,49.2,198,35.099999999999994,206,44.4,319,31.7,173,33.5,251,16.3,11,24.6,12,30.0,317,35.9,270,50.0,73,46.9,143,67.2,242,66.1,28,32.6,183,32.8,162,55.8,117,51.5,122,13.7,19,9.5,188
Bethune Cookman,45.9,283,51.0,261,39.0,90,46.800000000000004,334,31.3,187,32.1,183,18.4,86,22.400000000000002,45,31.0,290,34.1,188,45.6,256,50.9,284,62.7,332,68.8,142,32.0,200,30.5,85,53.3,173,57.8,281,10.0,134,9.5,189
UC Riverside,45.300000000000004,299,50.5,246,32.5,265,32.7,94,30.7,205,27.400000000000002,31,22.6,303,18.099999999999998,276,28.7,333,36.9,304,46.3,226,47.5,171,58.0,346,73.6,336,31.1,233,38.9,327,56.2,101,61.0,327,8.6,198,9.5,190
Texas Tech,46.5,266,52.800000000000004,316,38.1,109,41.099999999999994,282,32.1,151,34.300000000000004,274,21.5,261,21.3,97,28.8,330,37.5,320,47.9,163,51.1,290,66.7,262,70.6,245,30.2,262,33.4,191,47.7,305,53.1,159,8.4,207,9.5,191
UC Davis,55.1,7,49.6,209,32.9,257,31.0,63,26.400000000000002,315,30.7,121,20.7,218,15.7,335,40.5,4,36.8,298,51.5,37,46.5,130,71.9,94,72.0,298,38.4,51,35.7,268,58.6,52,58.3,288,7.3,258,9.5,192
Cal St. Bakersfield,46.800000000000004,252,51.5,284,35.4,193,52.400000000000006,345,30.099999999999998,232,30.2,101,20.7,217,21.9,66,33.7,173,34.6,218,44.7,285,51.3,300,69.0,199,69.3,163,35.2,112,32.9,169,51.2,227,56.5,251,5.1,330,9.5,193
Presbyterian,48.9,146,53.800000000000004,329,26.400000000000002,342,34.699999999999996,138,22.7,344,35.3,307,20.8,230,16.400000000000002,322,34.5,138,39.4,344,47.4,180,51.1,291,75.9,13,72.2,304,34.3,141,33.7,197,52.2,198,49.7,73,4.5,337,9.5,194
Mercer,50.3,97,46.7,88,35.6,183,40.300000000000004,272,29.599999999999998,240,32.6,204,19.5,149,21.8,69,35.4,91,34.5,210,48.4,134,43.7,43,76.0,10,65.9,24,40.0,31,36.7,300,64.3,13,52.4,143,12.1,55,9.6,195
Georgetown,51.1,73,43.0,7,36.8,147,35.3,154,30.4,219,31.0,134,20.1,180,22.400000000000002,46,35.3,95,30.7,39,50.2,61,41.4,5,67.9,218,66.7,46,32.9,175,34.0,202,64.3,12,56.7,257,11.3,76,9.6,196
UAB,48.4,173,50.7,252,29.4,322,38.6,244,33.5,109,30.8,125,21.8,274,22.400000000000002,47,32.8,219,36.1,277,47.9,161,49.0,227,71.9,98,70.4,231,33.2,164,32.8,161,61.3,29,54.6,195,6.9,278,9.6,197
Chattanooga,46.0,278,53.5,326,43.0,26,32.6,86,33.900000000000006,95,27.800000000000004,37,20.0,170,18.5,255,30.8,299,37.6,321,45.9,240,51.4,302,66.2,275,70.3,229,31.3,223,43.2,345,50.2,255,65.2,342,6.4,298,9.6,198
Drexel,46.7,254,48.699999999999996,176,33.5,240,43.4,313,33.300000000000004,117,26.0,9,18.9,112,18.8,238,33.5,188,34.2,194,44.9,277,47.5,172,74.5,29,72.3,311,32.7,182,31.0,102,53.4,171,48.1,42,5.5,321,9.6,199
Georgia,46.9,248,45.0,36,45.0,13,37.9,224,32.1,150,30.5,111,23.0,315,18.5,259,35.7,83,32.9,115,43.5,312,42.3,13,69.4,181,68.1,102,33.8,155,37.5,312,58.3,56,49.0,57,12.5,43,9.7,200
Southeast Missouri St.,53.1,28,45.9,67,33.4,241,35.099999999999994,152,28.199999999999996,286,33.2,242,18.5,91,15.1,342,39.3,10,32.6,102,50.0,69,44.5,67,69.5,177,71.3,276,35.0,120,31.8,126,59.9,43,49.6,70,11.8,62,9.7,201
West Virginia,45.6,294,51.1,267,40.8,51,40.0,268,37.1,27,34.0,261,19.8,164,21.8,70,31.6,268,38.1,329,44.9,280,48.0,195,69.5,180,67.5,69,30.6,245,33.1,177,54.8,140,59.2,308,10.5,110,9.7,202
Stephen F. Austin,50.5,93,42.199999999999996,3,40.400000000000006,58,35.5,161,34.1,91,25.900000000000002,8,20.5,203,22.6,41,32.8,218,29.7,14,50.9,45,41.4,4,60.7,338,65.1,12,23.9,333,26.9,25,63.5,18,46.1,21,10.4,112,9.7,203
Richmond,52.5,40,49.1,192,43.2,25,43.0,308,27.0,307,35.8,317,18.6,99,22.8,36,37.8,26,33.9,170,49.4,90,48.4,205,72.2,84,73.1,332,42.7,15,26.9,22,56.2,98,50.7,92,10.3,117,9.7,204
Alcorn St.,42.3,337,44.4,26,38.1,106,47.0,335,29.299999999999997,249,36.0,321,22.2,294,19.1,223,29.3,324,30.5,35,41.6,334,43.8,47,62.6,334,66.2,31,30.2,258,32.1,138,43.3,336,51.2,115,10.2,126,9.7,205
Marquette,49.6,112,46.2,74,40.9,46,31.7,73,38.4,14,33.1,230,20.9,236,19.5,201,29.6,322,32.3,89,51.6,33,44.9,76,73.0,62,68.2,107,26.9,304,35.9,280,57.4,72,59.7,318,10.0,135,9.7,206
Southern Miss,53.1,27,48.5,162,36.5,156,40.6,277,38.0,20,31.7,160,22.0,282,24.3,16,37.4,33,32.9,113,51.8,30,47.8,187,68.8,201,67.5,71,31.2,226,46.3,347,55.1,137,69.8,346,9.9,140,9.7,207
Lamar,42.4,336,50.3,241,31.5,282,28.999999999999996,34,32.4,142,34.4,278,25.5,344,16.0,330,30.3,313,35.8,266,42.0,331,48.9,226,70.3,149,67.4,67,10.8,347,28.2,35,49.7,262,54.4,189,8.9,180,9.7,208
Detroit,50.8,79,53.2,322,35.8,181,35.6,163,31.8,161,31.2,143,15.5,3,22.900000000000002,32,33.5,182,36.7,296,51.1,44,52.2,310,73.4,52,71.6,287,33.7,158,34.1,206,52.7,186,51.6,127,8.8,184,9.7,209
St. Bonaventure,51.6,61,51.6,287,39.900000000000006,73,41.3,285,32.300000000000004,145,34.2,269,20.0,176,21.5,86,37.5,32,37.0,305,49.0,100,49.4,239,76.3,8,72.5,319,35.8,96,36.4,293,58.6,53,58.1,285,8.4,210,9.7,210
Auburn,46.0,279,49.7,217,35.3,198,43.0,309,29.2,253,29.9,92,19.7,157,19.8,182,31.1,288,34.5,215,45.7,250,48.3,204,70.0,158,67.1,56,33.1,167,38.8,325,54.5,151,58.4,289,11.8,64,9.8,211
Buffalo,50.4,95,47.199999999999996,113,38.5,98,36.8,196,35.099999999999994,61,32.5,193,23.7,331,17.1,312,34.2,151,33.2,133,50.0,71,46.1,117,71.3,112,71.1,265,34.8,126,31.2,109,63.2,19,51.7,128,11.7,66,9.8,212
Fordham,45.0,302,51.1,268,32.6,264,45.1,324,36.1,42,32.5,192,22.900000000000002,312,16.3,324,31.3,280,35.6,258,44.2,301,50.0,266,66.7,260,69.9,207,30.6,247,34.9,242,52.9,183,58.4,290,10.9,91,9.8,213
South Carolina St.,42.199999999999996,339,49.9,230,27.3,340,36.4,185,35.6,54,37.5,338,22.8,310,18.6,252,27.5,339,33.9,178,42.5,325,49.4,241,64.3,312,68.1,105,28.4,291,33.3,186,53.6,168,57.6,275,10.1,131,9.8,214
East Carolina,51.4,65,48.9,186,39.900000000000006,72,33.5,114,28.299999999999997,284,35.199999999999996,304,18.2,76,18.8,236,34.9,117,33.7,162,50.9,46,48.3,203,72.6,69,66.3,32,38.0,54,26.0,14,65.3,7,58.7,297,9.8,143,9.8,215
Providence,45.9,281,46.2,77,37.4,127,33.0,100,37.4,25,32.300000000000004,186,19.1,129,19.8,179,31.0,292,29.7,15,45.7,246,46.9,149,70.1,155,70.0,211,30.8,242,29.6,67,60.5,35,54.9,203,8.2,219,9.8,216
Delaware St.,45.7,290,48.8,183,33.300000000000004,246,32.2,79,32.6,135,37.5,339,22.2,295,20.9,123,29.6,321,33.2,137,46.5,217,48.4,206,69.9,164,68.1,101,35.4,107,29.1,50,45.1,327,58.5,292,14.2,15,9.9,217
George Washington,46.6,262,47.4,124,40.400000000000006,60,32.7,87,38.2,16,30.8,123,23.400000000000002,328,21.3,98,27.9,337,36.0,276,47.7,170,44.6,69,65.7,282,69.5,182,18.1,346,29.2,55,55.1,132,49.5,68,12.4,48,9.9,218
Purdue,46.300000000000004,271,45.5,54,33.5,239,33.300000000000004,110,37.0,29,29.7,80,19.0,125,17.0,313,32.0,255,32.8,111,45.7,247,43.9,49,65.3,292,71.2,272,23.0,339,30.2,78,55.8,114,55.3,219,11.4,74,9.9,219
UNC Wilmington,46.6,261,50.2,239,36.7,153,38.0,227,31.5,178,32.800000000000004,214,21.4,256,17.5,296,33.5,189,33.3,146,45.1,271,50.3,270,64.6,310,70.6,246,29.3,274,30.1,74,49.8,260,50.8,94,10.8,94,9.9,220
Villanova,47.3,233,47.3,116,50.6,1,40.9,279,33.1,123,29.5,75,22.900000000000002,311,22.0,65,33.2,203,37.3,312,46.0,238,42.4,16,72.1,88,67.6,78,35.3,109,35.9,277,56.6,87,63.1,338,10.0,136,9.9,221
East Tennessee St.,45.7,292,54.1,335,31.6,281,33.5,117,27.1,303,35.5,310,20.0,177,21.099999999999998,104,32.3,240,37.2,309,44.2,302,52.8,326,66.5,268,68.4,115,36.1,83,43.0,344,45.0,329,65.4,344,7.1,272,9.9,222
Winthrop,46.6,257,47.099999999999994,112,36.1,166,36.7,194,29.299999999999997,248,30.599999999999998,116,21.4,255,18.2,270,31.3,279,32.6,106,46.4,222,46.1,118,69.5,179,76.4,347,37.0,64,35.8,271,46.2,315,55.7,231,6.1,304,9.9,223
Florida Atlantic,47.5,223,45.800000000000004,62,35.5,188,36.4,184,32.9,127,34.300000000000004,273,22.6,304,17.1,311,35.3,98,30.2,25,45.1,270,46.0,116,69.5,178,68.8,137,31.2,228,28.1,34,44.0,334,45.8,18,12.2,51,10.0,224
Idaho St.,46.2,273,52.1,304,37.5,126,34.599999999999994,136,24.5,338,34.300000000000004,276,19.5,150,20.8,127,31.4,275,37.4,313,45.7,251,49.7,254,67.6,228,68.1,103,35.9,87,38.2,318,52.6,189,58.6,294,10.3,121,10.0,225
Western Michigan,48.199999999999996,196,46.9,103,45.800000000000004,8,35.5,159,35.6,53,29.099999999999998,64,22.3,296,19.1,224,32.0,253,34.5,214,48.2,149,44.4,62,70.2,152,70.3,226,32.3,190,35.2,252,52.4,194,55.8,234,9.2,164,10.0,226
LIU Brooklyn,54.400000000000006,12,52.6,311,45.6,10,31.6,71,35.199999999999996,59,33.5,249,20.3,200,18.4,264,38.0,23,37.2,308,53.1,12,51.1,288,69.0,198,67.7,84,33.9,151,30.9,96,56.4,91,54.2,181,8.3,214,10.0,227
Missouri St.,44.9,304,51.9,299,34.4,221,37.9,225,25.8,326,31.7,162,16.8,20,19.5,196,28.8,331,33.9,177,45.8,244,52.5,320,67.1,251,70.7,250,34.9,123,34.6,233,46.1,316,55.6,228,4.5,338,10.0,228
Norfolk St.,46.2,272,44.9,34,40.0,68,38.5,240,33.7,102,36.0,319,21.099999999999998,246,22.0,61,32.5,236,29.3,10,45.2,267,45.3,88,64.6,307,66.6,40,28.6,285,30.9,97,51.0,234,48.4,49,11.7,65,10.1,229
Colorado,48.3,186,45.9,69,40.9,45,25.3,7,33.6,103,30.4,107,20.0,172,19.400000000000002,207,34.4,141,32.0,76,47.0,192,44.7,72,68.6,206,69.3,165,28.9,282,36.5,298,42.3,341,46.8,29,8.6,192,10.1,230
Tulsa,48.6,163,47.8,136,43.6,24,41.3,284,30.099999999999998,230,29.599999999999998,79,21.7,267,18.9,234,32.9,217,34.2,196,48.2,148,45.8,104,66.4,269,67.9,91,33.8,154,36.4,294,50.2,254,60.3,323,8.6,197,10.1,231
St. Francis PA,48.199999999999996,191,53.0,320,31.6,280,39.900000000000006,267,27.6,295,34.699999999999996,293,22.0,284,19.1,222,34.8,122,37.5,317,45.7,252,51.4,303,68.7,205,76.0,346,38.9,47,33.3,184,57.5,71,55.4,223,6.0,310,10.1,232
Albany,49.6,117,48.3,158,40.0,69,27.800000000000004,23,31.7,167,28.199999999999996,45,21.2,247,19.900000000000002,175,37.0,49,33.1,123,46.7,207,47.6,178,73.7,46,65.6,16,32.9,174,34.6,236,51.8,212,46.6,27,5.9,311,10.1,233
Connecticut,50.0,105,45.300000000000004,43,36.9,143,31.0,62,28.499999999999996,275,36.0,322,18.2,77,20.1,166,34.0,160,31.5,61,49.5,85,44.4,61,74.3,33,69.1,148,34.1,147,31.0,100,56.4,92,51.0,102,11.2,78,10.2,234
Maryland,51.6,57,43.6,12,34.5,216,29.7,46,36.9,31,27.900000000000002,39,22.2,288,15.7,336,33.9,167,30.3,28,51.9,28,42.7,22,67.9,219,70.8,253,30.4,255,33.9,199,55.9,108,51.2,113,11.2,79,10.2,235
Harvard,54.300000000000004,14,49.2,196,49.6,2,31.2,65,25.6,330,31.4,153,20.8,227,20.9,122,39.8,8,33.3,139,51.5,36,48.9,225,72.6,70,72.5,320,33.9,152,28.4,36,57.8,64,49.5,66,10.5,106,10.2,236
Saint Peter's,45.800000000000004,285,50.1,235,30.3,308,41.699999999999996,292,30.3,225,32.5,197,20.0,175,22.0,59,33.6,179,35.0,233,44.1,304,49.0,228,59.2,343,71.1,268,26.8,305,33.9,201,50.4,248,53.1,158,10.5,107,10.2,237
Toledo,48.3,181,48.6,168,37.5,124,35.9,172,28.799999999999997,270,34.4,281,17.9,60,21.3,94,33.5,183,34.4,206,47.4,179,46.7,138,76.1,9,71.5,279,32.1,199,38.1,317,55.2,129,52.6,144,9.7,148,10.2,238
DePaul,47.4,231,51.5,283,31.7,277,36.199999999999996,179,31.7,168,35.699999999999996,314,19.8,165,21.5,85,29.9,318,36.5,289,48.3,144,50.4,273,70.4,146,69.3,162,26.6,310,25.5,9,51.9,202,53.2,161,9.5,156,10.2,239
Louisiana Lafayette,48.6,166,48.8,181,35.099999999999994,205,43.3,312,29.099999999999998,257,35.199999999999996,303,19.6,156,20.8,128,34.5,134,34.9,228,46.9,199,47.2,162,67.2,243,69.9,205,34.5,136,30.4,83,44.4,332,46.0,20,9.0,172,10.2,240
Texas St.,47.8,211,51.2,273,36.5,158,37.7,218,26.900000000000002,309,33.7,254,19.3,135,20.7,132,33.2,204,34.8,223,46.7,209,50.8,280,70.3,151,72.0,299,34.9,124,32.0,131,49.1,276,53.8,176,7.8,234,10.2,241
Niagara,48.3,187,51.7,293,38.0,111,40.6,276,32.5,141,33.0,224,16.400000000000002,13,22.5,43,32.7,223,36.5,287,47.9,162,50.0,264,69.1,194,68.8,138,37.2,61,35.8,270,50.7,243,55.0,209,7.7,236,10.2,242
Jackson St.,44.5,314,50.0,233,38.4,103,39.300000000000004,257,27.400000000000002,299,35.0,298,18.2,75,20.9,117,31.2,284,31.5,62,43.2,318,51.3,301,69.9,165,65.7,20,35.0,118,32.4,146,42.5,340,47.8,39,5.8,317,10.2,243
Penn St.,44.2,320,49.4,205,37.1,136,51.1,342,30.9,202,27.1,25,18.9,113,17.5,295,29.6,323,34.4,209,44.1,303,48.0,196,69.6,175,71.5,281,31.5,215,38.3,319,46.1,318,57.2,271,10.4,114,10.3,244
Radford,44.2,322,49.0,191,35.8,177,39.900000000000006,266,32.2,147,31.900000000000002,173,19.5,147,21.6,78,31.2,283,36.6,294,42.9,322,47.0,155,64.6,308,68.8,141,32.8,180,25.9,12,49.4,269,50.9,99,9.1,167,10.3,245
Canisius,52.7,33,50.4,242,34.300000000000004,225,32.4,84,34.8,68,33.1,231,19.6,154,19.8,181,38.6,16,33.6,159,48.9,105,50.4,272,71.6,106,71.0,261,42.2,18,36.5,296,50.4,249,59.6,317,9.1,169,10.3,246
Army,51.7,54,48.699999999999996,171,36.9,144,36.8,197,31.7,169,29.7,81,20.7,216,18.6,249,37.1,46,35.8,264,49.2,97,46.0,114,73.7,45,68.1,99,39.6,39,35.5,261,57.8,65,54.6,197,8.6,193,10.3,247
Dayton,53.0,30,49.2,197,39.7,76,37.5,208,35.199999999999996,60,30.4,106,21.7,268,21.0,112,38.4,18,35.3,241,51.1,43,47.4,167,71.7,103,70.5,234,28.6,288,32.9,170,55.1,135,59.9,320,7.2,265,10.3,248
Northern Arizona,48.699999999999996,154,53.2,323,31.4,284,38.800000000000004,247,27.0,306,30.7,120,20.5,204,20.200000000000003,157,32.7,225,36.6,293,48.5,130,52.2,312,67.5,236,72.7,328,30.7,243,34.1,209,55.1,136,53.0,155,6.5,291,10.3,249
Drake,52.2,45,51.4,277,37.5,125,38.5,242,24.5,339,28.7,58,19.8,160,18.8,240,37.9,24,35.6,255,48.9,108,50.2,269,72.1,89,75.0,343,41.6,23,35.9,275,55.8,118,56.8,260,6.1,305,10.3,250
Towson,48.3,185,45.2,39,40.300000000000004,63,37.6,209,39.2,6,31.900000000000002,170,22.2,292,16.2,326,31.4,276,33.9,175,48.7,119,42.8,25,65.4,286,70.4,233,30.4,254,29.8,71,42.0,344,54.6,199,13.1,30,10.4,251
Alabama,47.9,208,45.7,60,33.900000000000006,232,32.7,92,32.0,153,32.9,219,19.900000000000002,169,22.6,40,33.0,212,31.3,55,47.1,186,45.2,82,70.6,134,69.6,188,31.1,230,32.1,137,46.7,312,48.1,44,12.7,38,10.4,252
Loyola MD,46.9,249,45.800000000000004,63,41.0,43,42.4,300,37.1,28,35.9,318,18.4,87,20.9,118,29.9,319,30.0,21,47.6,172,46.2,122,69.0,196,66.3,33,25.7,320,29.5,63,51.1,233,49.0,58,11.9,58,10.4,253
Saint Louis,50.4,96,45.5,52,44.0,20,35.0,148,27.900000000000002,292,29.099999999999998,65,17.599999999999998,43,23.599999999999998,19,34.0,158,33.1,125,50.0,70,44.1,55,70.4,143,65.4,14,34.1,145,26.6,19,56.1,103,54.0,178,8.3,213,10.4,254
Morehead St.,47.9,206,52.5,310,39.0,91,59.4,347,39.5,5,30.2,99,24.7,340,23.200000000000003,28,31.2,282,36.0,274,48.5,129,51.8,306,69.9,166,72.6,324,32.6,184,34.5,231,57.0,78,62.4,337,8.0,228,10.4,255
Illinois Chicago,46.0,277,46.7,92,35.4,190,34.9,146,28.199999999999996,285,30.3,104,19.5,146,19.5,199,33.5,185,33.7,164,43.5,313,44.7,74,75.2,20,71.6,286,36.5,74,34.1,204,57.0,76,55.2,215,7.5,244,10.4,256
Sacramento St.,45.800000000000004,288,50.4,243,37.2,135,27.700000000000003,22,30.099999999999998,228,31.2,145,17.8,54,19.0,226,33.0,214,35.4,248,44.1,305,48.8,223,73.0,64,72.2,308,31.1,232,38.3,320,55.6,121,62.2,335,7.1,271,10.4,257
Northeastern,51.0,74,52.2,305,38.800000000000004,94,29.099999999999998,37,31.4,179,35.699999999999996,315,19.8,166,22.3,49,37.1,41,33.2,130,48.3,141,53.4,331,75.3,19,71.9,295,35.9,90,33.1,174,59.0,50,49.9,75,6.9,277,10.4,258
Cal Poly,48.699999999999996,155,52.900000000000006,317,33.300000000000004,247,38.6,243,31.2,189,28.199999999999996,48,15.7,6,19.6,191,37.1,43,36.3,281,44.8,282,52.2,313,72.5,74,69.5,178,35.9,88,34.3,218,61.3,30,59.5,315,5.0,331,10.4,259
Georgia Tech,46.800000000000004,250,45.4,48,28.000000000000004,336,33.0,101,32.6,136,28.299999999999997,49,19.3,133,19.0,228,31.8,261,32.3,88,46.4,221,43.8,46,63.5,321,66.6,41,30.4,252,32.8,165,52.5,192,55.7,230,11.2,83,10.5,260
Fairfield,47.699999999999996,218,44.4,25,28.9,325,45.6,327,33.5,110,32.2,184,21.5,260,21.6,80,31.6,270,32.0,77,47.8,165,43.2,33,68.5,209,69.3,166,34.1,148,24.3,3,57.1,73,42.6,6,10.3,116,10.5,261
Jacksonville,46.1,276,50.3,240,36.3,163,39.5,261,33.0,126,32.0,179,21.5,259,20.200000000000003,161,32.0,252,34.5,213,45.4,261,49.6,251,70.0,159,70.0,212,27.2,303,32.5,152,52.9,182,56.0,239,8.3,215,10.5,262
Wright St.,49.5,121,46.800000000000004,96,33.0,252,43.5,314,26.400000000000002,318,29.099999999999998,66,20.3,196,24.3,15,34.6,127,30.5,34,48.4,131,47.3,166,71.5,108,69.1,150,33.1,169,35.8,273,54.4,153,50.1,84,6.2,301,10.5,263
Old Dominion,44.9,307,52.300000000000004,309,34.599999999999994,215,39.2,253,38.800000000000004,9,33.1,229,20.7,223,20.4,150,27.3,340,39.1,342,46.6,214,48.8,222,66.1,276,70.4,232,29.3,273,35.3,256,53.2,177,59.2,309,13.5,24,10.6,264
Hampton,43.1,333,43.8,13,38.6,96,42.5,302,34.1,93,32.6,201,24.3,338,22.3,50,26.3,345,30.6,38,44.6,288,42.9,28,66.6,263,65.1,11,29.6,268,31.8,129,51.9,205,49.9,78,12.6,42,10.6,265
Texas Southern,51.9,49,45.300000000000004,42,31.2,289,29.799999999999997,47,31.4,180,33.0,226,17.9,59,17.5,294,35.6,88,31.7,65,50.7,50,44.5,66,63.6,319,68.6,125,44.1,6,27.7,30,56.3,95,52.0,134,10.8,96,10.6,266
Jacksonville St.,49.4,124,50.0,232,43.9,21,38.9,248,31.7,170,39.6,347,20.4,202,24.7,11,35.2,100,31.6,63,47.8,164,50.9,283,68.0,217,74.0,338,31.2,229,26.5,18,55.8,112,53.1,157,10.8,97,10.6,267
Holy Cross,47.699999999999996,217,47.699999999999996,133,29.599999999999998,320,31.2,67,28.299999999999997,282,30.099999999999998,96,20.1,179,15.5,339,34.5,139,31.7,66,45.3,265,47.7,185,75.4,17,69.5,177,36.5,71,35.9,276,56.7,84,56.2,242,9.7,150,10.6,268
Texas A&M,48.8,150,47.5,129,32.9,256,35.699999999999996,166,34.9,67,33.5,250,21.0,242,21.9,67,35.6,84,33.5,153,47.1,188,46.0,115,70.5,141,70.6,243,26.6,311,36.1,287,49.5,268,57.7,278,9.0,174,10.6,269
North Carolina Central,49.3,129,45.6,56,45.5,11,38.800000000000004,246,30.599999999999998,211,31.1,139,23.0,317,22.900000000000002,33,33.6,178,30.4,31,48.8,111,45.7,96,73.7,44,65.0,8,31.4,216,35.4,259,59.5,46,53.3,162,8.9,179,10.6,270
Iowa,46.400000000000006,267,44.0,16,40.8,48,31.2,66,36.6,35,30.8,124,18.6,96,19.7,186,29.9,320,29.7,16,47.1,185,43.7,44,73.2,55,70.2,217,30.5,250,33.4,189,62.9,21,52.8,149,12.5,45,10.7,271
Cleveland St.,46.9,246,52.2,306,30.4,306,45.2,325,31.900000000000002,158,32.5,195,21.2,249,21.099999999999998,105,33.5,184,35.4,246,45.1,273,51.8,308,72.0,92,75.1,344,34.7,133,33.4,188,51.2,228,63.4,339,9.0,176,10.7,272
Vermont,48.6,159,46.7,90,44.800000000000004,15,33.800000000000004,122,34.300000000000004,85,28.799999999999997,60,20.599999999999998,210,20.599999999999998,137,32.2,243,32.7,108,48.7,117,45.3,85,70.9,122,69.4,172,30.2,261,36.1,286,52.7,187,52.1,137,8.7,189,10.7,273
Florida A&M,43.0,334,50.5,249,32.7,261,42.199999999999996,298,31.6,175,37.4,337,22.5,301,22.7,39,30.3,310,35.4,250,41.9,332,49.3,238,62.8,330,67.7,86,30.5,249,29.1,52,46.0,319,52.6,148,8.4,205,10.7,274
La Salle,51.9,50,49.3,199,31.3,286,28.499999999999996,27,28.999999999999996,258,34.2,271,17.1,28,21.3,93,37.7,30,30.2,24,49.3,91,50.6,277,73.7,47,68.2,106,36.0,85,24.6,6,55.2,126,50.0,80,8.3,211,10.7,275
Liberty,48.5,170,47.8,137,38.4,102,38.5,241,28.999999999999996,262,32.6,205,19.8,162,15.1,343,37.0,51,30.9,40,44.9,276,48.6,211,73.8,42,69.9,201,34.6,134,33.1,175,51.7,214,51.2,114,7.5,242,10.7,276
Houston Christian,43.8,327,47.3,118,37.5,123,41.699999999999996,291,31.7,171,33.0,225,25.0,342,22.6,42,31.7,263,32.6,105,42.5,324,46.8,141,67.1,247,69.1,154,26.6,308,25.9,13,48.6,286,49.5,69,6.5,290,10.7,277
Hartford,48.3,184,49.4,203,30.7,300,41.5,289,25.8,328,30.8,129,22.2,291,24.9,10,33.4,191,34.2,195,46.9,197,48.5,209,69.7,170,67.2,57,44.6,5,31.2,107,59.2,48,47.0,32,5.9,312,10.7,278
Grambling St.,41.099999999999994,343,52.2,307,24.9,344,34.9,147,28.499999999999996,276,39.1,345,26.8,346,14.799999999999999,345,31.2,287,37.8,326,38.4,347,49.9,261,58.7,345,64.8,6,31.9,205,33.5,192,55.9,107,56.5,249,5.7,319,10.7,279
Kent St.,48.8,153,48.5,164,43.8,22,41.3,283,34.5,79,33.2,236,18.9,120,20.8,126,35.8,78,31.0,43,46.3,224,49.5,246,71.0,119,68.4,113,34.3,138,34.1,205,48.7,285,57.8,282,7.3,257,10.8,280
Air Force,54.7,10,51.9,298,30.8,299,36.6,190,23.7,343,31.8,169,18.5,90,19.1,219,38.1,21,32.4,90,52.9,14,54.2,339,72.5,75,68.0,94,42.4,16,40.4,334,63.9,17,59.4,313,5.2,329,10.8,281
LSU,49.2,130,47.0,109,33.4,243,38.0,228,34.4,81,34.8,294,20.5,208,21.6,79,35.6,85,31.5,59,46.9,196,46.9,146,62.5,335,68.4,116,35.8,93,30.8,91,56.1,104,43.9,9,9.7,144,10.9,282
Samford,50.7,80,51.800000000000004,295,31.3,287,36.6,189,26.8,310,34.4,283,21.099999999999998,245,20.0,173,36.4,63,35.9,267,48.7,120,50.8,279,66.7,261,71.5,284,34.7,132,34.6,234,55.9,109,55.7,229,7.0,275,10.9,283
Tennessee,47.9,207,46.2,75,42.199999999999996,31,34.4,133,36.5,37,28.799999999999997,59,20.1,178,17.4,299,31.6,273,31.9,74,48.2,146,45.6,95,69.0,195,72.7,327,31.3,224,27.8,31,47.0,309,49.3,64,10.1,129,11.0,284
North Dakota,47.099999999999994,241,49.1,195,36.5,157,33.7,120,29.4,242,32.9,220,18.8,108,19.8,178,33.2,207,33.8,167,45.7,248,48.4,207,71.0,118,72.2,309,32.3,193,31.4,115,48.3,292,49.2,63,8.9,177,11.0,285
Iona,52.1,47,51.6,286,32.7,262,32.2,80,32.800000000000004,128,33.4,247,17.1,27,19.3,210,36.7,56,37.5,315,50.4,57,49.1,230,78.1,3,66.7,42,36.6,67,34.9,239,54.7,144,56.1,240,7.4,250,11.0,286
Tulane,47.699999999999996,214,51.6,289,46.7,4,33.5,113,35.5,55,27.700000000000003,35,19.0,124,20.599999999999998,135,35.0,111,33.7,161,45.2,268,52.3,316,72.7,68,71.7,289,34.3,139,34.6,235,51.9,207,64.1,341,5.4,324,11.0,287
North Carolina A&T,45.7,291,45.2,40,42.6,29,41.099999999999994,281,29.799999999999997,234,33.2,241,22.7,305,23.400000000000002,24,30.7,301,32.0,78,45.4,260,43.4,38,65.6,284,65.6,18,37.0,63,38.1,316,52.2,200,57.1,269,13.4,25,11.1,288
Western Kentucky,48.6,167,47.9,141,37.6,119,37.8,221,34.8,69,30.7,117,22.2,290,20.8,130,32.7,224,32.4,96,48.3,140,47.6,176,68.0,215,69.6,191,36.2,79,31.3,110,48.2,294,44.9,13,8.5,199,11.1,289
Miami OH,48.199999999999996,194,54.0,331,36.0,173,37.6,211,27.500000000000004,297,34.1,266,21.9,280,23.1,30,32.4,237,37.5,319,48.0,158,52.7,324,68.2,213,67.6,80,33.1,168,37.8,314,54.4,154,59.0,305,7.5,246,11.1,290
American,47.3,235,51.300000000000004,276,30.9,297,27.900000000000002,24,28.499999999999996,273,27.0,21,20.200000000000003,187,15.6,337,36.2,69,41.1,347,43.8,310,45.7,101,70.9,123,67.9,90,32.8,179,35.2,251,56.5,90,59.9,319,7.3,260,11.1,291
San Diego,48.3,182,49.7,216,37.8,113,37.7,217,30.3,224,34.300000000000004,275,20.599999999999998,212,20.4,148,34.8,121,31.3,52,46.5,215,50.8,281,67.5,235,70.9,257,33.0,172,29.0,46,50.0,259,49.0,60,9.7,145,11.2,292
Indiana,54.7,9,44.0,15,45.800000000000004,6,27.0,17,39.0,7,31.4,148,19.3,134,20.9,119,40.3,5,30.4,29,52.0,25,43.2,29,74.3,32,70.7,248,32.3,191,32.8,163,54.2,158,43.3,8,9.3,160,11.2,293
Utah,48.699999999999996,158,46.9,102,31.1,292,30.599999999999998,57,27.500000000000004,296,31.8,168,20.0,173,16.900000000000002,316,35.5,90,33.9,172,46.6,210,44.8,75,75.8,14,70.1,215,31.8,208,34.5,232,60.3,40,50.8,93,8.7,188,11.2,294
FIU,48.9,144,51.1,266,35.8,180,37.1,205,31.3,186,36.0,320,21.7,272,25.6,5,33.3,198,32.3,85,48.3,139,52.5,318,70.7,132,67.4,66,37.5,55,36.7,301,48.2,296,58.8,302,7.9,232,11.2,295
Mississippi Valley St.,42.199999999999996,338,51.5,285,39.5,81,43.1,310,31.6,176,37.5,340,21.5,263,22.2,55,30.3,311,35.4,251,40.5,340,50.9,285,64.8,304,64.0,5,34.7,128,27.4,28,45.7,323,49.1,61,6.2,300,11.2,296
Oakland,49.2,134,56.99999999999999,347,40.699999999999996,53,34.0,124,31.0,191,29.2,68,17.2,30,20.5,140,34.7,125,36.5,286,47.7,171,58.5,347,70.8,128,70.9,255,36.2,81,39.8,332,52.3,196,58.1,286,3.6,345,11.2,297
Bryant,54.400000000000006,13,51.800000000000004,294,37.0,141,30.2,53,30.5,214,29.7,83,19.2,130,17.599999999999998,288,35.6,87,35.2,239,54.9,7,51.1,287,72.2,86,69.3,161,36.0,86,39.3,329,57.9,63,55.5,225,3.2,346,11.2,298
Rhode Island,46.0,280,48.699999999999996,178,35.9,175,40.0,269,28.4,279,35.5,309,18.8,111,19.6,194,32.2,245,34.2,197,44.6,291,47.5,173,67.1,248,68.5,120,36.9,65,33.0,172,51.3,222,51.8,130,11.2,80,11.3,299
Duquesne,47.9,209,51.5,282,31.7,276,32.800000000000004,95,30.9,198,33.2,239,20.8,229,17.299999999999997,305,33.8,171,37.9,327,45.9,241,48.7,218,64.4,311,67.6,82,41.3,26,34.5,229,53.6,169,58.8,300,9.0,175,11.3,300
Nebraska,45.4,297,48.6,169,28.4,331,38.9,249,26.1,322,30.7,122,17.299999999999997,36,18.0,279,30.7,304,33.4,151,45.1,272,48.0,194,69.2,190,67.5,70,30.8,239,31.3,113,45.9,322,49.7,74,8.8,182,11.3,301
Dartmouth,45.5,296,50.7,254,33.4,244,43.1,311,28.4,280,30.9,130,20.5,205,21.0,111,33.3,201,35.5,254,43.5,314,49.5,248,73.0,65,74.5,342,32.0,204,33.2,180,49.0,279,54.4,190,7.4,249,11.3,302
Northern Illinois,39.7,346,50.1,237,35.8,179,51.9,343,33.2,120,29.599999999999998,78,23.3,325,22.400000000000002,48,27.8,338,34.1,190,38.8,346,49.5,249,65.4,289,70.5,239,31.8,209,41.7,341,45.0,328,56.4,248,6.2,302,11.3,303
Northern Kentucky,48.1,197,49.8,223,28.4,332,35.699999999999996,167,25.2,331,31.7,163,18.9,119,21.0,110,33.1,209,33.5,155,46.8,202,49.5,245,70.3,150,70.9,256,45.3,2,35.0,243,61.5,26,54.6,194,6.1,303,11.3,304
Eastern Kentucky,54.0,16,51.2,269,34.8,210,43.7,315,27.900000000000002,293,38.0,342,17.9,62,25.5,6,35.0,109,31.5,60,55.4,5,53.3,329,78.2,2,73.5,334,45.3,3,34.1,203,59.3,47,58.9,304,6.1,306,11.3,305
UT Arlington,46.400000000000006,269,45.800000000000004,64,36.4,159,43.9,317,36.199999999999996,40,31.1,136,22.1,286,22.8,37,34.2,146,31.9,72,44.3,297,44.3,60,65.2,295,66.2,30,30.4,251,42.2,342,54.8,141,56.6,254,11.9,60,11.4,306
Cornell,47.4,230,52.800000000000004,315,30.7,301,37.4,207,28.199999999999996,287,28.299999999999997,50,19.6,151,20.599999999999998,136,33.2,205,38.7,338,46.1,233,49.8,258,70.6,136,71.8,290,35.3,111,36.1,285,48.9,281,59.5,316,10.4,115,11.4,307
Fresno St.,43.5,329,45.4,49,37.3,132,47.099999999999994,336,29.2,254,34.9,296,18.5,94,20.200000000000003,155,33.7,174,28.1,2,39.9,342,46.7,139,67.4,237,67.6,81,33.8,153,29.5,61,44.5,331,51.0,106,9.7,146,11.4,308
Yale,46.5,263,52.0,302,42.9,27,40.300000000000004,271,35.0,64,29.799999999999997,87,22.2,289,20.4,151,33.2,206,38.3,334,45.0,275,49.2,235,72.8,66,70.8,252,32.4,188,33.1,176,56.4,93,55.6,227,8.5,203,11.4,309
Penn,47.699999999999996,215,47.8,138,34.4,219,44.9,323,26.8,311,32.9,222,23.5,329,21.4,91,34.3,142,34.4,205,46.1,229,45.8,107,71.8,102,74.3,341,30.4,256,33.4,190,60.7,33,54.6,196,7.3,255,11.4,310
Wake Forest,48.5,168,50.8,256,43.7,23,35.5,160,27.700000000000003,294,30.8,128,20.7,219,20.5,143,34.5,135,35.9,268,47.1,190,49.5,244,68.0,216,68.4,114,29.5,269,29.6,68,49.1,275,51.3,119,10.7,100,11.5,311
Seton Hall,51.300000000000004,68,46.7,86,34.5,217,39.1,251,31.0,195,32.800000000000004,216,23.799999999999997,333,19.400000000000002,208,36.7,55,34.0,179,48.6,122,44.6,68,65.8,279,70.0,214,41.7,22,31.7,122,62.0,23,56.9,263,7.1,269,11.5,312
Charleston Southern,48.6,162,48.3,159,29.7,319,28.999999999999996,35,33.6,104,28.9,61,17.9,56,19.5,198,35.2,101,34.4,203,45.6,257,46.3,125,69.4,183,72.3,314,43.0,12,37.2,310,47.2,307,50.9,100,7.0,273,11.5,313
Nevada,47.3,236,51.800000000000004,296,41.8,34,40.2,270,28.9,266,32.0,180,18.7,104,18.7,243,30.9,295,37.4,314,47.8,167,49.5,243,72.6,71,67.6,77,35.8,92,34.2,213,49.3,272,58.4,291,8.9,181,11.6,314
North Florida,50.6,84,48.3,157,29.7,318,36.5,186,31.0,193,38.1,343,22.1,287,18.6,251,34.2,148,34.9,229,50.2,64,47.0,152,66.5,266,68.7,133,41.8,20,24.4,4,57.6,69,46.6,26,8.2,216,11.6,315
Southeastern Louisiana,45.6,295,49.6,212,36.0,172,42.8,306,26.400000000000002,317,32.0,182,19.5,148,18.4,261,35.5,89,39.7,345,42.1,329,46.1,119,66.5,265,67.0,54,30.9,236,26.1,15,42.2,343,51.7,129,7.3,253,11.6,316
Georgia St.,50.0,104,51.1,265,34.9,208,37.0,202,29.4,244,32.7,208,18.0,64,20.9,115,35.7,81,36.6,290,48.0,156,48.7,217,71.7,104,70.9,254,36.3,78,39.6,331,47.9,302,60.1,321,13.0,32,11.7,317
Belmont,56.49999999999999,2,48.0,142,32.800000000000004,258,37.0,204,29.7,237,34.2,270,19.6,155,25.0,9,37.2,36,33.5,152,56.9,1,46.7,137,73.4,51,70.6,240,39.9,35,36.8,303,56.7,85,53.5,169,7.8,233,11.7,318
Tennessee Martin,43.3,331,53.5,327,37.7,118,44.9,322,32.300000000000004,146,32.7,207,21.099999999999998,244,19.3,211,32.7,228,35.9,269,40.9,338,53.3,330,74.0,37,71.2,270,29.2,278,35.2,254,51.9,208,62.2,336,6.6,289,11.7,319
Eastern Washington,48.8,152,48.1,150,32.0,272,36.199999999999996,178,29.4,243,35.3,305,19.3,136,15.8,332,34.1,157,35.1,236,47.0,195,46.2,123,65.5,285,70.2,224,42.8,14,28.6,39,55.1,130,61.2,330,13.0,33,11.8,320
Vanderbilt,48.4,176,46.0,70,35.099999999999994,204,33.5,116,27.900000000000002,291,29.5,77,19.5,145,18.5,254,35.0,113,31.1,47,45.3,264,45.7,97,63.5,322,69.2,160,43.9,7,34.2,211,56.5,89,49.5,67,10.6,104,11.8,321
Columbia,47.599999999999994,220,49.3,201,33.7,235,42.4,301,28.999999999999996,263,27.0,20,17.8,50,20.1,165,35.4,93,37.3,310,44.5,294,46.5,135,75.2,21,70.7,247,36.1,84,29.0,44,55.3,125,49.9,76,7.5,239,11.8,322
Nicholls St.,48.699999999999996,157,52.1,303,40.0,71,39.300000000000004,256,30.099999999999998,229,35.099999999999994,301,20.200000000000003,191,20.9,121,30.5,307,36.5,288,50.1,66,51.1,289,66.8,258,69.9,206,32.0,203,26.9,24,52.9,180,51.3,117,5.4,322,11.8,323
Milwaukee,44.6,312,50.5,247,36.1,168,30.2,54,28.999999999999996,259,35.0,297,21.5,262,17.599999999999998,293,30.8,300,32.7,109,43.5,311,51.1,293,67.4,239,69.6,192,40.4,30,31.0,98,51.9,204,54.4,187,8.4,208,11.9,324
Loyola Chicago,50.4,94,49.0,188,35.3,197,30.5,55,30.5,215,26.900000000000002,18,20.9,233,18.4,265,36.5,60,33.9,171,48.3,143,48.1,198,71.9,97,69.8,196,32.2,194,31.8,128,61.1,31,50.3,86,7.5,240,11.9,325
Lipscomb,46.7,255,51.800000000000004,297,44.6,17,44.9,321,35.699999999999996,51,32.0,177,23.200000000000003,323,18.6,253,31.5,274,33.8,169,46.5,218,52.6,321,64.8,305,66.3,34,29.0,280,40.8,339,48.2,298,59.0,306,5.2,328,12.0,326
Maryland Eastern Shore,39.800000000000004,345,53.7,328,35.3,200,33.2,104,34.9,66,34.0,262,23.5,330,21.4,92,27.2,341,36.3,284,39.3,345,53.4,334,63.2,324,66.3,35,30.0,265,34.4,228,48.5,288,59.3,311,7.3,259,12.1,327
Eastern Illinois,50.1,102,54.1,334,34.2,227,37.6,213,30.2,227,29.799999999999997,88,21.3,251,21.3,96,35.0,110,38.9,339,48.7,121,51.2,295,67.0,254,68.8,140,35.0,119,40.6,335,60.4,38,61.5,332,7.3,261,12.2,328
Sam Houston St.,43.3,330,47.0,110,37.7,116,49.5,341,33.900000000000006,97,28.000000000000004,42,20.3,194,21.4,89,32.2,242,31.2,51,40.5,339,47.1,161,66.2,274,69.7,194,35.6,104,31.3,111,61.5,25,63.8,340,6.4,297,12.2,329
Rice,46.9,244,55.300000000000004,341,28.199999999999996,335,46.7,333,19.2,347,36.6,331,16.7,18,21.0,108,33.4,194,36.7,297,44.5,293,55.5,346,72.3,83,68.9,144,42.8,13,32.7,157,53.8,165,55.5,226,3.0,347,12.2,330
William & Mary,53.6,23,48.9,185,37.6,120,30.099999999999998,50,28.499999999999996,274,32.4,191,20.0,174,16.1,328,37.2,40,32.0,75,52.2,22,49.3,236,71.1,116,69.1,151,38.5,49,33.0,171,59.5,44,50.3,87,7.5,241,12.3,331
Manhattan,46.800000000000004,253,46.2,76,45.800000000000004,7,46.6,332,31.8,165,32.4,190,25.7,345,23.1,31,33.7,172,34.9,230,44.7,286,43.2,34,66.2,273,69.3,168,35.7,100,32.8,160,55.5,123,58.2,287,13.0,31,12.7,332
Savannah St.,44.9,303,43.5,11,35.3,194,45.300000000000004,326,34.4,82,32.5,194,27.1,347,26.0,4,29.0,327,28.8,5,45.3,263,43.6,42,60.4,339,65.5,15,26.5,312,27.0,26,48.8,282,55.0,210,11.5,70,12.7,333
Hofstra,42.0,340,48.9,187,39.300000000000004,86,36.7,193,34.300000000000004,86,34.9,295,22.2,293,20.599999999999998,139,28.7,332,31.0,44,41.6,335,50.0,267,62.7,331,71.2,273,28.9,283,33.2,181,47.8,303,55.9,237,9.6,154,12.9,334
South Florida,44.6,313,47.3,117,29.2,324,30.5,56,30.3,221,34.5,287,17.7,49,19.6,193,31.3,278,29.9,18,43.2,316,48.5,210,69.4,185,71.5,283,36.5,72,33.7,196,54.3,156,56.4,246,9.5,157,12.9,335
Northwestern,47.5,226,48.199999999999996,155,33.900000000000006,233,37.8,222,25.900000000000002,324,36.0,323,17.299999999999997,37,19.0,225,34.1,155,34.6,217,44.7,284,46.5,134,67.9,220,64.0,4,43.1,11,31.1,104,70.7,1,58.9,303,8.8,186,13.0,336
San Jose St.,41.099999999999994,344,48.699999999999996,179,36.7,152,34.2,129,33.300000000000004,116,31.900000000000002,172,20.200000000000003,190,19.0,230,28.9,328,33.5,158,40.1,341,48.1,199,66.0,278,72.4,318,29.5,271,31.4,116,49.6,264,56.5,252,8.0,227,13.0,337
Central Michigan,48.3,180,55.00000000000001,340,39.4,85,34.8,141,30.9,200,33.1,232,19.8,163,19.8,183,33.2,208,37.7,322,47.1,191,54.2,340,73.3,54,67.7,83,45.4,1,36.0,282,59.2,49,57.4,273,5.9,314,13.0,338
Coppin St.,42.6,335,50.1,236,31.2,291,37.1,206,28.999999999999996,261,39.2,346,21.0,243,23.3,26,31.2,281,29.6,12,39.6,344,53.4,333,69.9,167,65.7,21,41.0,28,37.1,308,47.3,306,59.1,307,4.9,335,13.0,339
South Carolina,46.6,259,50.5,245,35.199999999999996,202,45.800000000000004,329,38.3,15,32.9,217,22.8,308,21.0,113,32.1,249,33.8,168,45.8,243,50.4,274,68.8,203,66.0,27,33.2,163,31.5,118,52.8,185,55.1,212,9.6,153,13.1,340
Siena,46.1,275,48.699999999999996,177,38.1,107,27.700000000000003,21,33.0,124,34.5,286,23.7,332,17.0,314,33.7,177,33.1,126,43.8,309,48.2,202,67.2,246,72.6,326,33.7,159,35.5,262,50.2,253,57.0,268,7.3,256,13.3,341
NJIT,45.800000000000004,286,45.1,38,41.3,41,41.699999999999996,290,33.800000000000004,100,31.900000000000002,171,21.5,258,21.2,99,35.8,76,33.3,143,42.3,326,42.5,18,67.5,232,68.7,132,30.2,260,33.9,200,51.7,215,58.6,295,11.9,61,13.4,342
Mississippi St.,44.6,311,49.9,229,40.8,50,25.8,10,30.5,212,36.1,326,24.8,341,22.3,51,28.4,336,33.2,138,45.5,259,50.0,265,65.7,283,69.2,158,31.8,207,36.5,297,47.9,301,56.6,256,10.3,120,13.4,343
Monmouth,44.4,318,52.900000000000006,318,32.300000000000004,267,41.5,288,29.799999999999997,235,35.199999999999996,302,20.9,237,25.5,8,31.0,289,36.0,275,43.5,315,52.2,314,70.6,137,68.7,130,30.3,257,38.4,322,52.7,188,61.0,328,4.5,339,13.7,344
Louisiana Monroe,48.4,177,53.5,325,31.5,283,39.6,263,27.3,302,34.1,267,24.099999999999998,336,21.9,68,34.8,119,36.2,278,46.6,211,53.1,328,57.7,347,71.1,269,32.8,181,36.4,295,61.0,32,55.3,217,3.9,342,14.1,345
UTSA,46.9,245,52.6,313,36.4,161,34.4,134,31.0,192,34.4,279,20.599999999999998,213,20.4,149,33.4,195,35.4,247,44.7,287,52.3,317,67.6,229,68.8,139,40.8,29,36.2,288,46.5,314,60.6,324,3.9,343,14.1,346
Washington St.,49.6,113,49.6,210,34.1,229,31.7,74,31.6,174,28.199999999999996,46,19.1,126,19.400000000000002,204,34.7,126,34.8,222,47.9,159,47.9,191,68.8,202,69.3,164,39.8,37,38.5,323,54.7,145,56.4,245,7.5,245,14.4,347
